ID;CECO;OI;SUCURSAL;DEPARTAMENTO;MUNICIPIO;LOCALIDAD;DIRECCION_SUCURSAL;TELEFONO_SUCURSAL;CORREO_SUCURSAL;NOMBRE_CONTACTO;TELEFONO_CONTACTO;CORREO_CONTACTO;Aseo;Cafeteria;Higienicos;EPP;Dotación;Maquinaria
9797;;;230-JINF-SDIS-RESTREPO-;11;11001;1379;KR 24 B 15 32 SUR;3121234567;email@faltante.com;SIN INFORMACIÓN;312123457;email@faltante.com;;;;;;
9798;;;121797-JINF-SDIS-BAUL DE COLORES;11;11001;1380;CL 13A SUR 10-49;3121234567;email@faltante.com;SIN INFORMACIÓN;312123457;email@faltante.com;;;;;;
9799;;;122039-JINF-SDIS-MUNDO NUEVO;11;11001;1381;CL 2 SUR 12 90 COMPLEJO SAN JUAN DE DIOS;3121234567;email@faltante.com;SIN INFORMACIÓN;312123457;email@faltante.com;;;;;;
9800;;;122740 JINF SDIS NOC Restrepo;11;11001;1382;KR 24 B 15 32 SUR;3121234567;email@faltante.com;SIN INFORMACIÓN;312123457;email@faltante.com;;;;;;
9801;;;122741 JINF SDIS NOC Mundo Nuevo;11;11001;1383;CL 2 SUR 12 90 COMPLEJO SAN JUAN DE DIOS;3121234567;email@faltante.com;SIN INFORMACIÓN;312123457;email@faltante.com;;;;;;
9802;;;229-JINF-SDIS-SANTANDER-;11;11001;1384;KR 29 B 26 10 SUR;3121234567;email@faltante.com;SIN INFORMACIÓN;312123457;email@faltante.com;;;;;;
9803;;;122739 JINF SDIS NOC Santander;11;11001;1385;KR 29 B 26 10 SUR;3121234567;email@faltante.com;SIN INFORMACIÓN;312123457;email@faltante.com;;;;;;
9804;;;Casa de la Sabiduría  La Fraternidad;11;11001;1386;CL 14 SUR #24i -19;3121234567;email@faltante.com;SIN INFORMACIÓN;312123457;email@faltante.com;;;;;;
9805;;;210-JINF-SDIS-EL ROSARIO-;11;11001;1387;CL 63 B BIS 35 A 49;3121234567;email@faltante.com;SIN INFORMACIÓN;312123457;email@faltante.com;;;;;;
9806;;;212-JINF-SDIS-RIONEGRO-;11;11001;1388;CL 99 60 46;3121234567;email@faltante.com;SIN INFORMACIÓN;312123457;email@faltante.com;;;;;;
9807;;;213-JINF-SDIS-SANTA SOFIA-;11;11001;1389;KR 28 B 75 11;3121234567;email@faltante.com;SIN INFORMACIÓN;312123457;email@faltante.com;;;;;;
9808;;;113267-JINF-SDIS-MARIA GORETTY-;11;11001;1390;CL 67 D 58 14;3121234567;email@faltante.com;SIN INFORMACIÓN;312123457;email@faltante.com;;;;;;
9809;;;121633-JINF-SDIS-LA CIUDAD QUE SOÑAMOS-;11;11001;1391;KR 55 70 45;3121234567;email@faltante.com;SIN INFORMACIÓN;312123457;email@faltante.com;;;;;;
9810;;;122313- JINF SDIS - NOGAL DE LA ESPERANZA;11;11001;1392;CL 72 52 18;3121234567;email@faltante.com;SIN INFORMACIÓN;312123457;email@faltante.com;;;;;;
9811;;;122405JINF-SDIS-RESO-EL ROSARIO ;11;11001;1393;CL 63 B BIS 35 A 49;3121234567;email@faltante.com;SIN INFORMACIÓN;312123457;email@faltante.com;;;;;;
9812;;;122704 JINF SDIS NOC Santa Sofia;11;11001;1394;KR 28 B 75 11;3121234567;email@faltante.com;SIN INFORMACIÓN;312123457;email@faltante.com;;;;;;
9813;;;122706 JINF SDIS NOC La Ciudad Que Soñamos;11;11001;1395;KR 55 70 45;3121234567;email@faltante.com;SIN INFORMACIÓN;312123457;email@faltante.com;;;;;;
9814;;;121618-JINF-SDIS-SONRISAS DE LA NIÑEZ-;11;11001;1396;KR 87 G 57 C 31 SUR;3121234567;email@faltante.com;SIN INFORMACIÓN;312123457;email@faltante.com;;;;;;
9815;;;121872-JINF-SDIS-TORITO FELIZ;11;11001;1397;KR 91 B 51 47 SUR;3121234567;email@faltante.com;SIN INFORMACIÓN;312123457;email@faltante.com;;;;;;
9816;;;122030-JINF-SDIS-LA LIBERTAD;11;11001;1398;KR 87 M 59 01 SUR;3121234567;email@faltante.com;SIN INFORMACIÓN;312123457;email@faltante.com;;;;;;
9817;;;122033-JINF-SDIS-LA CABAÑA;11;11001;1399;KR 90 B 56 G 20 SUR;3121234567;email@faltante.com;SIN INFORMACIÓN;312123457;email@faltante.com;;;;;;
9818;;;122034-JINF-SDIS-LA PIRAGUA;11;11001;1400;CL 57 A SUR 92 A 30;3121234567;email@faltante.com;SIN INFORMACIÓN;312123457;email@faltante.com;;;;;;
9819;;;122038-JINF-SDIS-TIBANICA;11;11001;1401;KR 89 A 56 18 SUR;3121234567;email@faltante.com;SIN INFORMACIÓN;312123457;email@faltante.com;;;;;;
9820;;;122096-JINF-SDIS-LOS BULLICIOSOS;11;11001;1402;KR 87 I 65 19 SUR;3121234567;email@faltante.com;SIN INFORMACIÓN;312123457;email@faltante.com;;;;;;
9821;;;122099-JINF-SDIS-PEQUEÑOS GIGANTES;11;11001;1403;KR 89 52 B 61 SUR;3121234567;email@faltante.com;SIN INFORMACIÓN;312123457;email@faltante.com;;;;;;
9822;;;122100-JINF-SDIS-VILLA CLEMENCIA;11;11001;1404;KR 86 A 57 C 47 SUR;3121234567;email@faltante.com;SIN INFORMACIÓN;312123457;email@faltante.com;;;;;;
9823;;;122206-JINF-SDIS-JAVIER DE NICOLO;11;11001;1405;KR 85 B 61 A 54 SUR;3121234567;email@faltante.com;SIN INFORMACIÓN;312123457;email@faltante.com;;;;;;
9824;;;122411-JINF-SDIS-RESO-JAVIER DE NICOLO ;11;11001;1406;KR 85 B 61 A 54 SUR;3121234567;email@faltante.com;SIN INFORMACIÓN;312123457;email@faltante.com;;;;;;
9825;;;122412-JINF-SDIS-RESO-VILLA CLEMENCIA ;11;11001;1407;KR 86 A 57 C 47 SUR;3121234567;email@faltante.com;SIN INFORMACIÓN;312123457;email@faltante.com;;;;;;
9826;;;122619-JINF-SDIS-RESO-PEQUEÑOS GIGANTES-;11;11001;1408;KR 89 52 B 61 SUR;3121234567;email@faltante.com;SIN INFORMACIÓN;312123457;email@faltante.com;;;;;;
9827;;;122677 JINF SDIS NOC Pequeños Gigantes;11;11001;1409;KR 89 52 B 61 SUR;3121234567;email@faltante.com;SIN INFORMACIÓN;312123457;email@faltante.com;;;;;;
9828;;;196-JINF-SDIS-LAURELES-;11;11001;1410;CL 73 SUR 81 B 10;3121234567;email@faltante.com;SIN INFORMACIÓN;312123457;email@faltante.com;;;;;;
9829;;;113373- CAMA CENTRO AMAR BOSA;11;11001;1411;Cll 73 Sur # 92-21 ;3121234567;email@faltante.com;SIN INFORMACIÓN;312123457;email@faltante.com;;;;;;
9830;;;120042-JINF-SDIS-ASOVIVIR-;11;11001;1412;KR 80 I 71 C 10 SUR;3121234567;email@faltante.com;SIN INFORMACIÓN;312123457;email@faltante.com;;;;;;
9831;;;121193-JINF-SDIS-UBA RHUA ESPIR SEMILLA-;11;11001;1413;KR 81 A 84 C 25 SUR;3121234567;email@faltante.com;SIN INFORMACIÓN;312123457;email@faltante.com;;;;;;
9832;;;121451-JINF-SDIS-LOS CEDROS-;11;11001;1414;KR 81 A 84 C 25 SUR;3121234567;email@faltante.com;SIN INFORMACIÓN;312123457;email@faltante.com;;;;;;
9833;;;121632-JINF-SDIS-ARCOIRIS DE SUEÑOS-;11;11001;1415;CL 74 BIS SUR 87 C 76;3121234567;email@faltante.com;SIN INFORMACIÓN;312123457;email@faltante.com;;;;;;
9834;;;122090-JINF-SDIS-HUMBERTO VALENCIA;11;11001;1416;KR 82 71 A 35 SUR;3121234567;email@faltante.com;SIN INFORMACIÓN;312123457;email@faltante.com;;;;;;
9835;;;122091-JINF-SDIS-ISRAELITA;11;11001;1417;KR 78 C 73 B 15 SUR;3121234567;email@faltante.com;SIN INFORMACIÓN;312123457;email@faltante.com;;;;;;
9836;;;122094-JINF-SDIS-LA ESCUELITA;11;11001;1418;KR 81 G 73 44 SUR;3121234567;email@faltante.com;SIN INFORMACIÓN;312123457;email@faltante.com;;;;;;
9837;;;122340-JINF-SDIS-AVENTURAS MAGICAS;11;11001;1419;CL 73 SUR 92 21;3121234567;email@faltante.com;SIN INFORMACIÓN;312123457;email@faltante.com;;;;;;
9838;;;122348-JINF-SDIS- ABSUN (SEMILLA DE VIDA)-;11;11001;1420;CL 81 SUR 81 - 75;3121234567;email@faltante.com;SIN INFORMACIÓN;312123457;email@faltante.com;;;;;;
9839;;;122368-JINF-SDIS-VIENTOS DE AMOR-;11;11001;1421;KR 87 83 07 SUR;3121234567;email@faltante.com;SIN INFORMACIÓN;312123457;email@faltante.com;;;;;;
9840;;;122410-JINF-SDIS-RESO-LA ESCUELITA ;11;11001;1422;KR 81 G 73 44 SUR;3121234567;email@faltante.com;SIN INFORMACIÓN;312123457;email@faltante.com;;;;;;
9841;;;122496-JINF-SDIS-RESO-LOS CEDROS;11;11001;1423;KR 81 A 84 C 25 SUR;3121234567;email@faltante.com;SIN INFORMACIÓN;312123457;email@faltante.com;;;;;;
9842;;;122672 JINF SDIS NOC Los Cedros;11;11001;1424;KR 81 A 84 C 25 SUR;3121234567;email@faltante.com;SIN INFORMACIÓN;312123457;email@faltante.com;;;;;;
9843;;;CENTRO CRECER BOSA;11;11001;1425;Carrera 81 C # 68 A -24 Sur;3121234567;email@faltante.com;SIN INFORMACIÓN;312123457;email@faltante.com;;;;;;
9844;;;121614-JINF-SDIS-TALLER DE LAS MARIPOSAS-;11;11001;1426;KR 80 C 65 F 29 SUR;3121234567;email@faltante.com;SIN INFORMACIÓN;312123457;email@faltante.com;;;;;;
9845;;;121631-JINF-SDIS-LA ESTACION DE LA ALEGRIA-;11;11001;1427;CL 63 SUR 77 L 51;3121234567;email@faltante.com;SIN INFORMACIÓN;312123457;email@faltante.com;;;;;;
9846;;;122087-JINF-SDIS-ANTONIA SANTOS;11;11001;1428;CL 67 SUR 81 B 10;3121234567;email@faltante.com;SIN INFORMACIÓN;312123457;email@faltante.com;;;;;;
9847;;;122092-JINF-SDIS-LA ABEJA MAYA;11;11001;1429;CL 57 N BIS SUR 75 B 26;3121234567;email@faltante.com;SIN INFORMACIÓN;312123457;email@faltante.com;;;;;;
9848;;;122097-JINF-SDIS-NUEVO CHILE;11;11001;1430;CL 56 SUR 73 A 12;3121234567;email@faltante.com;SIN INFORMACIÓN;312123457;email@faltante.com;;;;;;
9849;;;122098-JINF-SDIS-OLARTE;11;11001;1431;KR 71 D 54 15 SUR;3121234567;email@faltante.com;SIN INFORMACIÓN;312123457;email@faltante.com;;;;;;
9850;;;122287-JINF-SDIS-RUEDA DE COLORES;11;11001;1432;KR 80 N BIS  70  10 SUR;3121234567;email@faltante.com;SIN INFORMACIÓN;312123457;email@faltante.com;;;;;;
9851;;;122407-JINF-SDIS-RESO-LA ABEJA MAYA ;11;11001;1433;CL 57 N BIS SUR 75 B 26;3121234567;email@faltante.com;SIN INFORMACIÓN;312123457;email@faltante.com;;;;;;
9852;;;Comedor Comunitario Bosa;11;11001;1434;Cl 65 Sur 78 C 38;3121234567;email@faltante.com;SIN INFORMACIÓN;312123457;email@faltante.com;;;;;;
9853;;;Casa de la Sabiduría Porvenir;11;11001;1435;KR 100 52 24 SUR;3121234567;email@faltante.com;SIN INFORMACIÓN;312123457;email@faltante.com;;;;;;
9854;;;Casa de la Sabiduría Rincón Intercultural;11;11001;1436;DIAGONAL 89A SUR 87-60;3121234567;email@faltante.com;SIN INFORMACIÓN;312123457;email@faltante.com;;;;;;
9855;;;Casa De La Sabiduria Campo Verde;11;11001;1437;Carrera 95a # 85-80 sur;3121234567;email@faltante.com;SIN INFORMACIÓN;312123457;email@faltante.com;;;;;;
9856;;;245-AMAR-NA-CANDELARIA-;11;11001;1438;Cll 9 No. 3- 57 ;3121234567;email@faltante.com;SIN INFORMACIÓN;312123457;email@faltante.com;;;;;;
9857;;;CENTRO ABRAZAR;11;11001;1439;Calle 1c No. 5a - 30??;3121234567;email@faltante.com;SIN INFORMACIÓN;312123457;email@faltante.com;;;;;;
9858;;;Comedor Comunitario La Rioja;11;11001;1440;Cl 7 0 - 11;3121234567;email@faltante.com;SIN INFORMACIÓN;312123457;email@faltante.com;;;;;;
9859;;;17-JINF-SDIS-JUAN XXIII-;11;11001;1441;CL 65 B 1 19;3121234567;email@faltante.com;SIN INFORMACIÓN;312123457;email@faltante.com;;;;;;
9860;;;19-JINF-SDIS-SAN LUIS-;11;11001;1442;CL 97 6 46 ESTE KM 5 VIA LA CALERA;3121234567;email@faltante.com;SIN INFORMACIÓN;312123457;email@faltante.com;;;;;;
9861;;;21-AMAR-NA-CHAPINERO-;11;11001;1443;Cll 59 No. 6 - 24 ;3121234567;email@faltante.com;SIN INFORMACIÓN;312123457;email@faltante.com;;;;;;
9862;;;CENTRO CRECER SIN LIMITES PARDO RUBIO ;11;11001;1444;Transversal 3 Bis Este No 47 B 45;3121234567;email@faltante.com;SIN INFORMACIÓN;312123457;email@faltante.com;;;;;;
9863;;;121637-JINF-SDIS- CASA DE LA HADAS-;11;11001;1445;CL 96 A 6 37 ESTE KM 5 VIA LA CALERA;3121234567;email@faltante.com;SIN INFORMACIÓN;312123457;email@faltante.com;;;;;;
9864;;;121823-JINF-SDIS-LAS HADAS DE LOS SUEÑOS;11;11001;1446;CL 97 6 46 ESTE KM 5 VIA LA CALERA;3121234567;email@faltante.com;SIN INFORMACIÓN;312123457;email@faltante.com;;;;;;
9865;;;122708 JINF SDIS NOC Juan Xxiii;11;11001;1447;CL 65 B 1 19;3121234567;email@faltante.com;SIN INFORMACIÓN;312123457;email@faltante.com;;;;;;
9866;;;121043-JINF-SDIS-MARAVILLAS INFANTILES NUEVA COLOMBIA SUR-;11;11001;1448;CL 70 K SUR 18 L 49 SUR;3121234567;email@faltante.com;SIN INFORMACIÓN;312123457;email@faltante.com;;;;;;
9867;;;121059-JINF-CC-Jardín Infantil Dejando Huella (Paticos);11;11001;1449;CL 91 C SUR # 18H-20;3121234567;email@faltante.com;SIN INFORMACIÓN;312123457;email@faltante.com;;;;;;
9868;;;121102-AMAR-NA-CIUDAD BOLIVAR;11;11001;1450;Dg 73 C #57-17 sur B;3121234567;email@faltante.com;SIN INFORMACIÓN;312123457;email@faltante.com;;;;;;
9869;;;121674-JINF-SDIS-ARABIA-;11;11001;1451;DG 81 18 I 35 SUR ;3121234567;email@faltante.com;SIN INFORMACIÓN;312123457;email@faltante.com;;;;;;
9870;;;121739-JINF-SDIS-ESTRELLA DEL MAÑANA-;11;11001;1452;KR 19 78 D 05 IN 1;3121234567;email@faltante.com;SIN INFORMACIÓN;312123457;email@faltante.com;;;;;;
9871;;;121816 JINF SDIS Yanacona Muyu Kausay;11;11001;1453;TV 17 B 77 A 74 SUR;3121234567;email@faltante.com;SIN INFORMACIÓN;312123457;email@faltante.com;;;;;;
9872;;;122136-JINF-SDIS-MANITAS;11;11001;1454;CL 70 B SUR 18 J 33;3121234567;email@faltante.com;SIN INFORMACIÓN;312123457;email@faltante.com;;;;;;
9873;;;122138-JINF-SDIS-MINUTO DE MARIA;11;11001;1455;KR 18 A BIS B 80 A 21  SUR;3121234567;email@faltante.com;SIN INFORMACIÓN;312123457;email@faltante.com;;;;;;
9874;;;122178-JINF-SDIS-ALISO DEL MOCHUELO;11;11001;1456;CL 91 C SUR # 18H-20;3121234567;email@faltante.com;SIN INFORMACIÓN;312123457;email@faltante.com;;;;;;
9875;;;122291-JINF-SDIS-WOUNAAH CHAAIN JAU JEM DI BAUR DO;11;11001;1457;KR 18 G 72 15 SUR;3121234567;email@faltante.com;SIN INFORMACIÓN;312123457;email@faltante.com;;;;;;
9876;;;122342-JINF-SDIS-LA ESTRELLA;11;11001;1458;KR 18 G 74 A 75 SUR;3121234567;email@faltante.com;SIN INFORMACIÓN;312123457;email@faltante.com;;;;;;
9877;;;122369-ESRU-MONTAÑA DE COLORES;11;11001;1459;FINCA LA FLORIDA PASQUILLA;3121234567;email@faltante.com;SIN INFORMACIÓN;312123457;email@faltante.com;;;;;;
9878;;;122757-JINF-SDIS-DEJANDO-HUELLA;11;11001;1460;CL 91 C SUR # 18 H 14;3121234567;email@faltante.com;SIN INFORMACIÓN;312123457;email@faltante.com;;;;;;
9879;;;277-JINF-SDIS-ARBORIZADORA ALTA-;11;11001;1461;CL 70 SUR 34 05;3121234567;email@faltante.com;SIN INFORMACIÓN;312123457;email@faltante.com;;;;;;
9880;;;279-JINF-SDIS-LA ESTANCIA-;11;11001;1462;KR 74 G 59 87 SUR;3121234567;email@faltante.com;SIN INFORMACIÓN;312123457;email@faltante.com;;;;;;
9881;;;1097-JINF-CC-CAMINOS DE LA VIDA-;11;11001;1463;KR 76 C BIS 62 F 42 SUR;3121234567;email@faltante.com;SIN INFORMACIÓN;312123457;email@faltante.com;;;;;;
9882;;;113264-JINF-CC-SEMILLITAS DE AMOR-;11;11001;1464;DG 75 D SUR 75 L 07;3121234567;email@faltante.com;SIN INFORMACIÓN;312123457;email@faltante.com;;;;;;
9883;;;121042-JINF-SDIS-CANDELARIA-;11;11001;1465;KR 49 C BIS A 68 B 07 SUR;3121234567;email@faltante.com;SIN INFORMACIÓN;312123457;email@faltante.com;;;;;;
9884;;;121826-JINF-SDIS-LUNA LUNERA;11;11001;1466;KR 74 G 59 A 87 SUR;3121234567;email@faltante.com;SIN INFORMACIÓN;312123457;email@faltante.com;;;;;;
9885;;;121854-JINF-CC-CASTILLO SAN LUCAS EMMA Y ANTONIO;11;11001;1467;CL 62 H SUR74 H 22;3121234567;email@faltante.com;SIN INFORMACIÓN;312123457;email@faltante.com;;;;;;
9886;;;121875-JINF-SDIS-NOCHES DE CARTAGENA;11;11001;1468;CL 70 56 04 SUR;3121234567;email@faltante.com;SIN INFORMACIÓN;312123457;email@faltante.com;;;;;;
9887;;;122124-JINF-SDIS-BARLOVENTO;11;11001;1469;CL 62 B 71 H 24 SUR;3121234567;email@faltante.com;SIN INFORMACIÓN;312123457;email@faltante.com;;;;;;
9888;;;122125-JINF-SDIS-CARTAGENA DE INDIAS;11;11001;1470;CL 70 56 04 SUR;3121234567;email@faltante.com;SIN INFORMACIÓN;312123457;email@faltante.com;;;;;;
9889;;;122132-JINF-SDIS-LA ESTANCIA  MIS PRIMERAS LETRAS;11;11001;1471;KR 75 H 59 A 18 SUR;3121234567;email@faltante.com;SIN INFORMACIÓN;312123457;email@faltante.com;;;;;;
9890;;;122135-JINF-SDIS-M BELTRAN MIS PEQUEÑAS TRAVESURAS;11;11001;1472;KR 46 C 69 D 20 SUR;3121234567;email@faltante.com;SIN INFORMACIÓN;312123457;email@faltante.com;;;;;;
9891;;;122137-JINF-SDIS-MI REFUGIO;11;11001;1473;KR 74 G 60 A 10 SUR;3121234567;email@faltante.com;SIN INFORMACIÓN;312123457;email@faltante.com;;;;;;
9892;;;122140-JINF-SDIS-SANTA ROSITA LAS VEGA;11;11001;1474;TV 49 C 75 A 60 SUR;3121234567;email@faltante.com;SIN INFORMACIÓN;312123457;email@faltante.com;;;;;;
9893;;;122532-JINF-SDIS-RESO-BARLOVENTO;11;11001;1475;CL 62 B 71 H 24 SUR;3121234567;email@faltante.com;SIN INFORMACIÓN;312123457;email@faltante.com;;;;;;
9894;;;278-JINF-SDIS-SAN FRANCISCO-;11;11001;1476;KR 20 A 67 27 SUR;3121234567;email@faltante.com;SIN INFORMACIÓN;312123457;email@faltante.com;;;;;;
9895;;;10133 JINF SDIS Paraiso;11;11001;1477;Cra 27 L N 71 G 14 sur;3121234567;email@faltante.com;SIN INFORMACIÓN;312123457;email@faltante.com;;;;;;
9896;;;111474-JINF-SDIS-ARBORIZADORA BAJA-;11;11001;1478;CL 59 B SUR 43 17;3121234567;email@faltante.com;SIN INFORMACIÓN;312123457;email@faltante.com;;;;;;
9897;;;121623-JINF-SDIS-PREGUNTARIO-;11;11001;1479;KR 19 G 67 21 SUR;3121234567;email@faltante.com;SIN INFORMACIÓN;312123457;email@faltante.com;;;;;;
9898;;;122123-JINF-SDIS-ACACIA SUR;11;11001;1480;KR 19 A 63 D 51 SUR;3121234567;email@faltante.com;SIN INFORMACIÓN;312123457;email@faltante.com;;;;;;
9899;;;122129-JINF-SDIS-JJ RONDON NIÑO JESUS;11;11001;1481;KR 22 68 C 05 SUR;3121234567;email@faltante.com;SIN INFORMACIÓN;312123457;email@faltante.com;;;;;;
9900;;;122130-JINF-SDIS-JJ RONDON ALTO DE LA CRUZ;11;11001;1482;TV 22 69 H 22 SUR;3121234567;email@faltante.com;SIN INFORMACIÓN;312123457;email@faltante.com;;;;;;
9901;;;122131-JINF-SDIS-LA CASONA;11;11001;1483;KR 20 C 68 B 31 SUR;3121234567;email@faltante.com;SIN INFORMACIÓN;312123457;email@faltante.com;;;;;;
9902;;;122133-JINF-SDIS-LOS NIÑOS TRAVIESOS;11;11001;1484;CL 63 B SUR 18 N 11;3121234567;email@faltante.com;SIN INFORMACIÓN;312123457;email@faltante.com;;;;;;
9903;;;122139-JINF-SDIS-NUESTRA ESPERANZA COMPA;11;11001;1485;KR 18 T 65 A 27 SUR INT 2;3121234567;email@faltante.com;SIN INFORMACIÓN;312123457;email@faltante.com;;;;;;
9904;;;122230-JINF-SDIS-SEMILLEROS DEL FUTURO MILLAN;11;11001;1486;DG 65 C SUR 19 A 83;3121234567;email@faltante.com;SIN INFORMACIÓN;312123457;email@faltante.com;;;;;;
9905;;;122282-JINF-SDIS-ANALU VERBENAL QUIBA-;11;11001;1487;VERBENAL QUIBA https://goo.gl/maps/Qee2pzhLXKFtieBM6;3121234567;email@faltante.com;SIN INFORMACIÓN;312123457;email@faltante.com;;;;;;
9906;;;122415-JINF-SDIS-RESO-ARBORIZADORA BAJA ;11;11001;1488;CL 59 B SUR 43 17;3121234567;email@faltante.com;SIN INFORMACIÓN;312123457;email@faltante.com;;;;;;
9907;;;122418-JINF-SDIS-RESO-SEMILLEROS DEL FUTURO MILLAN ;11;11001;1489;DG 65 C SUR 19 A 83;3121234567;email@faltante.com;SIN INFORMACIÓN;312123457;email@faltante.com;;;;;;
9908;;;122533-JINF-SDIS-RESO-LOS NIÑOS TRAVIESOS;11;11001;1490;CL 63 B SUR 18 N 11;3121234567;email@faltante.com;SIN INFORMACIÓN;312123457;email@faltante.com;;;;;;
9909;;;122543-JINF-SDIS-RESO-NUESTRA ESPERANZA COMPA;11;11001;1491;KR 18 T 65 A 27 SUR INT 2;3121234567;email@faltante.com;SIN INFORMACIÓN;312123457;email@faltante.com;;;;;;
9910;;;122575-JINF-SDIS-RESO-JJ RONDON NIÑO JESUS;11;11001;1492;KR 22 68 C 05 SUR;3121234567;email@faltante.com;SIN INFORMACIÓN;312123457;email@faltante.com;;;;;;
9911;;;122642-JINF-SDIS-RESO-PREGUNTARIO;11;11001;1493;KR 19 G 67 21 SUR;3121234567;email@faltante.com;SIN INFORMACIÓN;312123457;email@faltante.com;;;;;;
9912;;;122778 JINF SDIS NOCT Paraiso;11;11001;1494;Cra 27 L N 71 G 14 sur;3121234567;email@faltante.com;SIN INFORMACIÓN;312123457;email@faltante.com;;;;;;
9913;;;Comedor Comunitario Arborizadora;11;11001;1495;Kr 43 65 I 25 Sur;3121234567;email@faltante.com;SIN INFORMACIÓN;312123457;email@faltante.com;;;;;;
9914;;;Comedor Comunitario Perdomo;11;11001;1496;Ak 70 C 60 B 3 Sur;3121234567;email@faltante.com;SIN INFORMACIÓN;312123457;email@faltante.com;;;;;;
9915;;;Casa de la Sabiduría Carlos Gaviria;11;11001;1497;CL 69 SUR 18 B 36;3121234567;email@faltante.com;SIN INFORMACIÓN;312123457;email@faltante.com;;;;;;
9916;;;Casa de la Sabiduría Tejedores de Sueños;11;11001;1498;KR 42 70 A 50 SUR;3121234567;email@faltante.com;SIN INFORMACIÓN;312123457;email@faltante.com;;;;;;
9917;;;Casa de la Sabiduría Sierra Morena;11;11001;1499;TV 60 73 C 07 SUR;3121234567;email@faltante.com;SIN INFORMACIÓN;312123457;email@faltante.com;;;;;;
9918;;;Casa de la Sabiduría Las Acacias;11;11001;1500;TRANSVERSAL 19 C 62 D 21 SUR;3121234567;email@faltante.com;SIN INFORMACIÓN;312123457;email@faltante.com;;;;;;
9919;;;Casa de la Sabiduría Bella Flor;11;11001;1501;Carrera 27A bis # 73-14 Sur;3121234567;email@faltante.com;SIN INFORMACIÓN;312123457;email@faltante.com;;;;;;
9920;;;CENTRO CRECER VISTA HERMOSA;11;11001;1502;Calle 69 K N. 18 H 19 Sur;3121234567;email@faltante.com;SIN INFORMACIÓN;312123457;email@faltante.com;;;;;;
9921;;;CENTRO CRECER ARBORIZADORA ALTA;11;11001;1503;Transversal 60 # 73c- 07 Sur ;3121234567;email@faltante.com;SIN INFORMACIÓN;312123457;email@faltante.com;;;;;;
9922;;;95-JINF-SDIS-BELLAVISTA-;11;11001;1504;KR 68 G 67 A 10;3121234567;email@faltante.com;SIN INFORMACIÓN;312123457;email@faltante.com;;;;;;
9923;;;98-JINF-SDIS-SATELITE LAS FERIAS-;11;11001;1505;KR 69 J 73 11;3121234567;email@faltante.com;SIN INFORMACIÓN;312123457;email@faltante.com;;;;;;
9924;;;101-JINF-SDIS-SAN MARCOS-;11;11001;1506;KR 80 A 67 10;3121234567;email@faltante.com;SIN INFORMACIÓN;312123457;email@faltante.com;;;;;;
9925;;;102-JINF-SDIS-ESTRADA SATELITE-;11;11001;1507;KR 68 G 67 A 10;3121234567;email@faltante.com;SIN INFORMACIÓN;312123457;email@faltante.com;;;;;;
9926;;;103-JINF-SDIS-LAS FERIAS-;11;11001;1508;KR 69 K 73 90;3121234567;email@faltante.com;SIN INFORMACIÓN;312123457;email@faltante.com;;;;;;
9927;;;121205-JINF-SDIS-WAWAKUNAPAK YACHAHUNA-;11;11001;1509;KR 70 C 52 99;3121234567;email@faltante.com;SIN INFORMACIÓN;312123457;email@faltante.com;;;;;;
9928;;;121802-JINF-SDIS-RAYITO DE LUNA;11;11001;1510;KR 69 K 73 90;3121234567;email@faltante.com;SIN INFORMACIÓN;312123457;email@faltante.com;;;;;;
9929;;;CENTRO PROTEGER JAIRO ANIBAL NIÑO ;11;11001;1511;Cl 52 A # 71-20 ;3121234567;email@faltante.com;SIN INFORMACIÓN;312123457;email@faltante.com;;;;;;
9930;;;CAMILO TORRES;11;11001;1512;CARRERA 73 BIS No. 48 23;3121234567;email@faltante.com;SIN INFORMACIÓN;312123457;email@faltante.com;;;;;;
9931;;;96-JINF-SDIS-ENGATIVA-;11;11001;1513;CL 66 B 122 03;3121234567;email@faltante.com;SIN INFORMACIÓN;312123457;email@faltante.com;;;;;;
9932;;;97-JINF-SDIS-GARCES NAVAS-;11;11001;1514;CL 78 A 109 A 50;3121234567;email@faltante.com;SIN INFORMACIÓN;312123457;email@faltante.com;;;;;;
9933;;;99-JINF-SDIS-LOS CEREZOS-;11;11001;1515;KR 89 80 35;3121234567;email@faltante.com;SIN INFORMACIÓN;312123457;email@faltante.com;;;;;;
9934;;;100-JINF-SDIS-PLAZUELAS DEL VIRREY-;11;11001;1516;CL 72 A 106 91;3121234567;email@faltante.com;SIN INFORMACIÓN;312123457;email@faltante.com;;;;;;
9935;;;104-JINF-SDIS-VILLA AMALIA-;11;11001;1517;CL 71 C 110 B 21;3121234567;email@faltante.com;SIN INFORMACIÓN;312123457;email@faltante.com;;;;;;
9936;;;106-CAMA CENTRO AMAR ENGATIVA;11;11001;1518;Carrera 122 A No 63 L 44 ;3121234567;email@faltante.com;SIN INFORMACIÓN;312123457;email@faltante.com;;;;;;
9937;;;CENTRO CRECER ANGELES ;11;11001;1519;Calle 71 A # 95 - 31;3121234567;email@faltante.com;SIN INFORMACIÓN;312123457;email@faltante.com;;;;;;
9938;;;121408-JINF-SDIS-VILLA CRISTINA;11;11001;1520;KR 95 G 91 A 22;3121234567;email@faltante.com;SIN INFORMACIÓN;312123457;email@faltante.com;;;;;;
9939;;;122176-JINF-SDIS-LA PAJARA PINTA;11;11001;1521;KR 117 A 69 C 91;3121234567;email@faltante.com;SIN INFORMACIÓN;312123457;email@faltante.com;;;;;;
9940;;;122188-JINF-SDIS-LOS SAUCES;11;11001;1522;CL 69 121 29;3121234567;email@faltante.com;SIN INFORMACIÓN;312123457;email@faltante.com;;;;;;
9941;;;122714 JINF SDIS NOC La Pajara Pinta;11;11001;1523;KR 117 A 69 C 91;3121234567;email@faltante.com;SIN INFORMACIÓN;312123457;email@faltante.com;;;;;;
9942;;;Comunidad de Vida El Camino;11;11001;1524;CARRERA 69 No. 47 - 87;3121234567;email@faltante.com;SIN INFORMACIÓN;312123457;email@faltante.com;;;;;;
9943;;;Casa de la Sabiduría el Bosque;11;11001;1525;Cra 69 # 47-43;3121234567;email@faltante.com;SIN INFORMACIÓN;312123457;email@faltante.com;;;;;;
9944;;;Casa de la Sabiduría Luz de Esperanza;11;11001;1526;CL 63 L 124 38;3121234567;email@faltante.com;SIN INFORMACIÓN;312123457;email@faltante.com;;;;;;
9945;;;Casa de la Sabiduría Cerezos;11;11001;1527;KR 87 A 88 20;3121234567;email@faltante.com;SIN INFORMACIÓN;312123457;email@faltante.com;;;;;;
9946;;;CENTRO INTEGRAL DE PROTECCIÓN RENACER ;11;11001;1528;Carrera 77Bis No. 64i-50;3121234567;email@faltante.com;SIN INFORMACIÓN;312123457;email@faltante.com;;;;;;
9947;;;CENTRO AVANZAR GRUPO 1;11;11001;1529;Carrera 77Bis No. 64i-50;3121234567;email@faltante.com;SIN INFORMACIÓN;312123457;email@faltante.com;;;;;;
9948;;;90-JINF-SDIS-EL PORTAL-;11;11001;1530;TV 124 18 A 79;3121234567;email@faltante.com;SIN INFORMACIÓN;312123457;email@faltante.com;;;;;;
9949;;;91-JINF-SDIS-RAFAEL POMBO-;11;11001;1531;CRA 97  A 19-11;3121234567;email@faltante.com;SIN INFORMACIÓN;312123457;email@faltante.com;;;;;;
9950;;;92-JINF-SDIS-LA GIRALDA-;11;11001;1532;CL 23 104 B 15;3121234567;email@faltante.com;SIN INFORMACIÓN;312123457;email@faltante.com;;;;;;
9951;;;CENTRO CRECER FONTIBON;11;11001;1533;Calle 22 F N. 106 – 26;3121234567;email@faltante.com;SIN INFORMACIÓN;312123457;email@faltante.com;;;;;;
9952;;;121106-AMAR-NA-FONTIBON-;11;11001;1534;Calle 18 No. 102-15 Piso 2 ;3121234567;email@faltante.com;SIN INFORMACIÓN;312123457;email@faltante.com;;;;;;
9953;;;121595-JINF-SDIS-SABANA GRANDE-;11;11001;1535;KR 106 15 A 32;3121234567;email@faltante.com;SIN INFORMACIÓN;312123457;email@faltante.com;;;;;;
9954;;;121671-JINF-SDIS-SHURS UREK KUSREIK YA;11;11001;1536;DG 15 D 98 40;3121234567;email@faltante.com;SIN INFORMACIÓN;312123457;email@faltante.com;;;;;;
9955;;;121675-JINF-SDIS-LA CABAÑA  FONTIBON-;11;11001;1537;CL 23 G 104 A BIS  44;3121234567;email@faltante.com;SIN INFORMACIÓN;312123457;email@faltante.com;;;;;;
9956;;;122312-JINF-SDIS-OSO DE ANTEOJOS;11;11001;1538;KR 100 23 22;3121234567;email@faltante.com;SIN INFORMACIÓN;312123457;email@faltante.com;;;;;;
9957;;;122422-JINF-SDIS-RESO-LA CABAÑA FONTIBON ;11;11001;1539;CL 23 G 104 A BIS  44;3121234567;email@faltante.com;SIN INFORMACIÓN;312123457;email@faltante.com;;;;;;
9958;;;122717 JINF SDIS NOC Rafael Pombo;11;11001;1540;CRA 97  A 19-11;3121234567;email@faltante.com;SIN INFORMACIÓN;312123457;email@faltante.com;;;;;;
9959;;;122720 JINF SDIS NOC Oso De Anteojos;11;11001;1541;KR 100 23 22;3121234567;email@faltante.com;SIN INFORMACIÓN;312123457;email@faltante.com;;;;;;
9960;;;122721 JINF SDIS NOCT Sabana Grande;11;11001;1542;KR 106 15 A 32;3121234567;email@faltante.com;SIN INFORMACIÓN;312123457;email@faltante.com;;;;;;
9961;;;Casa de la Sabiduría Amarú;11;11001;1543;Calle 17 A # 96 C - 63;3121234567;email@faltante.com;SIN INFORMACIÓN;312123457;email@faltante.com;;;;;;
9962;;;79-JINF-SDIS-LUISA DE MARILLAC-;11;11001;1544;CL 38 A SUR 86 F 15;3121234567;email@faltante.com;SIN INFORMACIÓN;312123457;email@faltante.com;;;;;;
9963;;;80-JINF-SDIS-PATIO BONITO SATELITE-;11;11001;1545;KR 87 # 5 B 21;3121234567;email@faltante.com;SIN INFORMACIÓN;312123457;email@faltante.com;;;;;;
9964;;;CENTRO CRECER CAMPO ALEGRE CALANDAIMA;11;11001;1546;Carrera 88 # 6A- 36;3121234567;email@faltante.com;SIN INFORMACIÓN;312123457;email@faltante.com;;;;;;
9965;;;117888-JINF-SDIS-JAIRO ANIBAL NIÑO;11;11001;1547;KR 87D 39 10 SUR;3121234567;email@faltante.com;SIN INFORMACIÓN;312123457;email@faltante.com;;;;;;
9966;;;121449-JINF-SDIS-EL CARACOL-;11;11001;1548;KR 95 A 34 76 SUR;3121234567;email@faltante.com;SIN INFORMACIÓN;312123457;email@faltante.com;;;;;;
9967;;;121624-JINF-SDIS-SEMILLAS DEL FUTURO-;11;11001;1549;CL 5 A 86 A 34;3121234567;email@faltante.com;SIN INFORMACIÓN;312123457;email@faltante.com;;;;;;
9968;;;121686-JINF-SDIS-BRISAS DE ALEGRIA;11;11001;1550;CL 41 SUR 94 12;3121234567;email@faltante.com;SIN INFORMACIÓN;312123457;email@faltante.com;;;;;;
9969;;;121687-JINF-SDIS-JUEGOS Y AVENTURAS;11;11001;1551;KR 98 A 42 13 SUR;3121234567;email@faltante.com;SIN INFORMACIÓN;312123457;email@faltante.com;;;;;;
9970;;;121699-JINF-SDIS-CASITA DE ILUSIONES;11;11001;1552;CL 41 SUR 94 04;3121234567;email@faltante.com;SIN INFORMACIÓN;312123457;email@faltante.com;;;;;;
9971;;;121705-JINF-SDIS-AMIGUITOS POR SIEMPRE;11;11001;1553;KR 91 42 A 31 SUR;3121234567;email@faltante.com;SIN INFORMACIÓN;312123457;email@faltante.com;;;;;;
9972;;;121741-JINF-SDIS-RISITAS INFANTILES PATIO BONITO-;11;11001;1554;KR 86 D 39 A 05 SUR;3121234567;email@faltante.com;SIN INFORMACIÓN;312123457;email@faltante.com;;;;;;
9973;;;121793-JINF-SDIS-ATRAPAESTRELLAS;11;11001;1555;CL 38 A SUR 86 F 15;3121234567;email@faltante.com;SIN INFORMACIÓN;312123457;email@faltante.com;;;;;;
9974;;;121885-JINF-SDIS-CONSTRUYENDO SUEÑOS;11;11001;1556;CL 39 SUR 89 C 37;3121234567;email@faltante.com;SIN INFORMACIÓN;312123457;email@faltante.com;;;;;;
9975;;;122079-JINF-SDIS-TINTALITO;11;11001;1557;KR 86 B 42 F 03 SUR;3121234567;email@faltante.com;SIN INFORMACIÓN;312123457;email@faltante.com;;;;;;
9976;;;122080-JINF-SDIS-PARAISO;11;11001;1558;CL 39 SUR 89 C 37;3121234567;email@faltante.com;SIN INFORMACIÓN;312123457;email@faltante.com;;;;;;
9977;;;122425-JINF-SDIS-RESO-CASITA DE ILUSIONES ;11;11001;1559;CL 41 SUR 94 04;3121234567;email@faltante.com;SIN INFORMACIÓN;312123457;email@faltante.com;;;;;;
9978;;;122427-JINF-SDIS-RESO-SEMILLAS DEL FUTURO ;11;11001;1560;CL 5 A 86 A 34;3121234567;email@faltante.com;SIN INFORMACIÓN;312123457;email@faltante.com;;;;;;
9979;;;122432-JINF-SDIS-RESO-TINTALITO ;11;11001;1561;KR 86 B 42 F 03 SUR;3121234567;email@faltante.com;SIN INFORMACIÓN;312123457;email@faltante.com;;;;;;
9980;;;122745 JINF SDIS NOC El Caracol;11;11001;1562;KR 95 A 34 76 SUR;3121234567;email@faltante.com;SIN INFORMACIÓN;312123457;email@faltante.com;;;;;;
9981;;;122746 JINF SDIS NOC Amiguitos Por Siempre;11;11001;1563;KR 91 42 A 31 SUR;3121234567;email@faltante.com;SIN INFORMACIÓN;312123457;email@faltante.com;;;;;;
9982;;;122755 JINF SDIS NOC Patio Bonito Satelite;11;11001;1564;KR 87 # 5 B 21;3121234567;email@faltante.com;SIN INFORMACIÓN;312123457;email@faltante.com;;;;;;
9983;;;75-JINF-SDIS-CIUDAD DE BOGOTA-;11;11001;1565;AK 80 43 43 SUR;3121234567;email@faltante.com;SIN INFORMACIÓN;312123457;email@faltante.com;;;;;;
9984;;;81-JINF-SDIS-PIO XII-;11;11001;1566;KR 79 D 6 15;3121234567;email@faltante.com;SIN INFORMACIÓN;312123457;email@faltante.com;;;;;;
9985;;;87-AMAR-NA-CORABASTOS;11;11001;1567;AK 80 43 43 SUR;3121234567;email@faltante.com;SIN INFORMACIÓN;312123457;email@faltante.com;;;;;;
9986;;;121110-JINF-SDIS-VISION DE COLOMBIA-;11;11001;1568;KR 79 G 13 09;3121234567;email@faltante.com;SIN INFORMACIÓN;312123457;email@faltante.com;;;;;;
9987;;;121243-JINF-SDIS-LA IGUALDAD-;11;11001;1569;CL 2 68 A 80;3121234567;email@faltante.com;SIN INFORMACIÓN;312123457;email@faltante.com;;;;;;
9988;;;121626-JINF-SDIS-CRECIENDO FELICES-;11;11001;1570;CL 50 A SUR 80 A 40;3121234567;email@faltante.com;SIN INFORMACIÓN;312123457;email@faltante.com;;;;;;
9989;;;121715-JINF-SDIS-KHPI´SX ZXUUNWE´SX (LOS NIETOS Del TRUENO;11;11001;1571;KR 80 F 42 46 SUR;3121234567;email@faltante.com;SIN INFORMACIÓN;312123457;email@faltante.com;;;;;;
9990;;;122074-JINF-SDIS-BRITALIA;11;11001;1572;CL 55 80 J 17 SUR;3121234567;email@faltante.com;SIN INFORMACIÓN;312123457;email@faltante.com;;;;;;
9991;;;122075-JINF-SDIS-CLASS;11;11001;1573;CL 57 B SUR 80 H 15;3121234567;email@faltante.com;SIN INFORMACIÓN;312123457;email@faltante.com;;;;;;
9992;;;122175-JINF-SDIS-METRO;11;11001;1574;KR 88 C 43 47 SUR;3121234567;email@faltante.com;SIN INFORMACIÓN;312123457;email@faltante.com;;;;;;
9993;;;122177-JINF-SDIS-MATERILE LIRE LO;11;11001;1575;AK 80 43 43 SUR;3121234567;email@faltante.com;SIN INFORMACIÓN;312123457;email@faltante.com;;;;;;
9994;;;122428-JINF-SDIS-RESO-CRECIENDO FELICES ;11;11001;1576;CL 50 A SUR 80 A 40;3121234567;email@faltante.com;SIN INFORMACIÓN;312123457;email@faltante.com;;;;;;
9995;;;122429-JINF-SDIS-RESO-MATERILE LIRE LO ;11;11001;1577;AK 80 43 43 SUR;3121234567;email@faltante.com;SIN INFORMACIÓN;312123457;email@faltante.com;;;;;;
9996;;;122431-JINF-SDIS-RESO-PIO XII ;11;11001;1578;KR 79 D 6 15;3121234567;email@faltante.com;SIN INFORMACIÓN;312123457;email@faltante.com;;;;;;
9997;;;122724 JINF SDIS NOC Ciudad De Bogota;11;11001;1579;AK 80 43 43 SUR;3121234567;email@faltante.com;SIN INFORMACIÓN;312123457;email@faltante.com;;;;;;
9998;;;122725 JINF SDIS NOC La Igualdad;11;11001;1580;CL 2 68 A 80;3121234567;email@faltante.com;SIN INFORMACIÓN;312123457;email@faltante.com;;;;;;
9999;;;122730 JINF SDIS NOC Britalia;11;11001;1581;CL 55 80 J 17 SUR;3121234567;email@faltante.com;SIN INFORMACIÓN;312123457;email@faltante.com;;;;;;
10000;;;122747 JINF SDIS NOC Metro;11;11001;1582;KR 88 C 43 47 SUR;3121234567;email@faltante.com;SIN INFORMACIÓN;312123457;email@faltante.com;;;;;;
10001;;;122753 JINF SDIS NOC Vision De Colombia;11;11001;1583;KR 79 G 13 09;3121234567;email@faltante.com;SIN INFORMACIÓN;312123457;email@faltante.com;;;;;;
10002;;;73-JINF-SDIS-ARGELIA-;11;11001;1584;CL 39 B SUR 72 G 62;3121234567;email@faltante.com;SIN INFORMACIÓN;312123457;email@faltante.com;;;;;;
10003;;;76-JINF-SDIS-DELICIAS-;11;11001;1585;CLL 44 SUR  72 B 81;3121234567;email@faltante.com;SIN INFORMACIÓN;312123457;email@faltante.com;;;;;;
10004;;;78-JINF-SDIS-KENNEDY SALACUNA-;11;11001;1586;CL 40 C SUR 79 10;3121234567;email@faltante.com;SIN INFORMACIÓN;312123457;email@faltante.com;;;;;;
10005;;;121109-JINF-SDIS-VILLA RICA-;11;11001;1587;KR 77 K BIS A 50 64 SUR;3121234567;email@faltante.com;SIN INFORMACIÓN;312123457;email@faltante.com;;;;;;
10006;;;121627-JINF-SDIS-LAS VOCES DE LOS NIÑOS-;11;11001;1588;KR 78 M 57 H 12 SUR;3121234567;email@faltante.com;SIN INFORMACIÓN;312123457;email@faltante.com;;;;;;
10007;;;121628-JINF-SDIS-CREADORES DE SUEÑOS-;11;11001;1589;KR 72 L BIS 48 B 51 SUR;3121234567;email@faltante.com;SIN INFORMACIÓN;312123457;email@faltante.com;;;;;;
10008;;;121732-JINF-SDIS-LUCERNA;11;11001;1590;CL 38 D SUR 72 Q 91;3121234567;email@faltante.com;SIN INFORMACIÓN;312123457;email@faltante.com;;;;;;
10009;;;121740-JINF-SDIS-ALQUERIA DE LA FRAGUA-;11;11001;1591;KR 68 A 36 25 SUR;3121234567;email@faltante.com;SIN INFORMACIÓN;312123457;email@faltante.com;;;;;;
10010;;;122073-JINF-SDIS-AMAS DE CASA JACKELINE;11;11001;1592;KR 77 Q 45 A 11 SUR;3121234567;email@faltante.com;SIN INFORMACIÓN;312123457;email@faltante.com;;;;;;
10011;;;122077-JINF-SDIS-LA UNIDAD;11;11001;1593;CL 57 D SUR 77 I 85;3121234567;email@faltante.com;SIN INFORMACIÓN;312123457;email@faltante.com;;;;;;
10012;;;122078-JINF-SDIS-PERPETUO SOCORRO;11;11001;1594;CL 50 SUR 78 18;3121234567;email@faltante.com;SIN INFORMACIÓN;312123457;email@faltante.com;;;;;;
10013;;;122174-JINF-SDIS-AFROBOGOTANO KENNEDY;11;11001;1595;KR 74 42 G 52 SUR;3121234567;email@faltante.com;SIN INFORMACIÓN;312123457;email@faltante.com;;;;;;
10014;;;CENTRO INTEGRARTE EXTERNO GRUPO 11 KENNEDY ;11;11001;1596;KR 74 42 G 52 SUR;3121234567;email@faltante.com;SIN INFORMACIÓN;312123457;email@faltante.com;;;;;;
10015;;;122423-JINF-SDIS-RESO-LUCERNA ;11;11001;1597;CL 38 D SUR 72 Q 91;3121234567;email@faltante.com;SIN INFORMACIÓN;312123457;email@faltante.com;;;;;;
10016;;;122424-JINF-SDIS-RESO-KENNEDY SALACUNA ;11;11001;1598;CL 40 C SUR 79 10;3121234567;email@faltante.com;SIN INFORMACIÓN;312123457;email@faltante.com;;;;;;
10017;;;122727 JINF SDIS NOC Argelia;11;11001;1599;CL 39 B SUR 72 G 62;3121234567;email@faltante.com;SIN INFORMACIÓN;312123457;email@faltante.com;;;;;;
10018;;;122728 JINF SDIS NOC Perpetuo Socorro;11;11001;1600;CL 50 SUR 78 18;3121234567;email@faltante.com;SIN INFORMACIÓN;312123457;email@faltante.com;;;;;;
10019;;;Casa de la Sabiduría Caminos de Vida;11;11001;1601;Calle 55 Sur # 79 C - 19;3121234567;email@faltante.com;SIN INFORMACIÓN;312123457;email@faltante.com;;;;;;
10020;;;Casa de la Sabiduría Andares;11;11001;1602;KR 71 G 6 D 22;3121234567;email@faltante.com;SIN INFORMACIÓN;312123457;email@faltante.com;;;;;;
10021;;;218-JINF-SDIS-JORGE BEJARANO-;11;11001;1603;CL 10 29 48;3121234567;email@faltante.com;SIN INFORMACIÓN;312123457;email@faltante.com;;;;;;
10022;;;222-AMAR-NA-MARTIRES I-;11;11001;1604;Calle 20 No. 18 A - 51 ;3121234567;email@faltante.com;SIN INFORMACIÓN;312123457;email@faltante.com;;;;;;
10023;;;224-AMAR-NA-MARTIRES II-;11;11001;1605;Cra 15 No. 18 - 37 ;3121234567;email@faltante.com;SIN INFORMACIÓN;312123457;email@faltante.com;;;;;;
10024;;;CADIS - CENTRO DE ATENCIÓN  DISTRITAL PARA LA INCLUSIÓN SOCIAL ;11;11001;1606;Av. Calle 1 N. 24 b-26;3121234567;email@faltante.com;SIN INFORMACIÓN;312123457;email@faltante.com;;;;;;
10025;;;CENTRO CRECER MARTIRES ;11;11001;1607;Av. Calle 1 N. 24 b-26;3121234567;email@faltante.com;SIN INFORMACIÓN;312123457;email@faltante.com;;;;;;
10026;;;121581-JINF-SDIS-NUEVOS PASOS-;11;11001;1608;CL 5 A 26 A 17;3121234567;email@faltante.com;SIN INFORMACIÓN;312123457;email@faltante.com;;;;;;
10027;;;121703-JINF-SDIS-LOS MARTIRES PAYACUA;11;11001;1609;KR 25 A 11 09;3121234567;email@faltante.com;SIN INFORMACIÓN;312123457;email@faltante.com;;;;;;
10028;;;121873-JINF-SDIS-ESPERANZA;11;11001;1610;"DG 7 BIS 14 35

DIAGONAL 7 BIS 14 29 (cto arrendamiento)";3121234567;email@faltante.com;SIN INFORMACIÓN;312123457;email@faltante.com;;;;;;
10029;;; CENTRO PROTEGER ÁLVARO LÓPEZ PARDO;11;11001;1611; CARRERA 11 B # 11 - 44 SUR  ;3121234567;email@faltante.com;SIN INFORMACIÓN;312123457;email@faltante.com;;;;;;
10030;;;CENTRO PROTEGER CURNN;11;11001;1612;AVENIDA CALLE 1 24C - 10;3121234567;email@faltante.com;SIN INFORMACIÓN;312123457;email@faltante.com;;;;;;
10031;;;122191-JINF-SDIS-SAMPER MENDOZA;11;11001;1613;KR 23 22 A 62;3121234567;email@faltante.com;SIN INFORMACIÓN;312123457;email@faltante.com;;;;;;
10032;;;122283-JINF-SDIS-EDUARDO SANTOS-;11;11001;1614;Calle 2 # 17 A 07;3121234567;email@faltante.com;SIN INFORMACIÓN;312123457;email@faltante.com;;;;;;
10033;;;122355-JIN-NOCTURNO-NOCHES MAGICAS DE SAMPER;11;11001;1615;KR 23 22 A 62;3121234567;email@faltante.com;SIN INFORMACIÓN;312123457;email@faltante.com;;;;;;
10034;;;122742 JINF SDIS NOC Jorge Bejarano;11;11001;1616;CL 10 29 48;3121234567;email@faltante.com;SIN INFORMACIÓN;312123457;email@faltante.com;;;;;;
10035;;;122743 JINF SDIS NOC Esperanza;11;11001;1617;"DG 7 BIS 14 35

DIAGONAL 7 BIS 14 29 (cto arrendamiento)";3121234567;email@faltante.com;SIN INFORMACIÓN;312123457;email@faltante.com;;;;;;
10036;;;122744 JINF SDIS NOC Nuevos Pasos;11;11001;1618;CL 5 A 26 A 17;3121234567;email@faltante.com;SIN INFORMACIÓN;312123457;email@faltante.com;;;;;;
10037;;;CENTRO DE AUTOCUIDADO LIBERIA;11;11001;1619;CARRERA 16 No. 10-28;3121234567;email@faltante.com;SIN INFORMACIÓN;312123457;email@faltante.com;;;;;;
10038;;;Punto de entrega: Atención Humanitaria Población Emberá;11;11001;1620;CL 4 # 14-14;3121234567;email@faltante.com;SIN INFORMACIÓN;312123457;email@faltante.com;;;;;;
10039;;;Hogar de Paso Día y Hogar de Paso Noche Bakatá;11;11001;1621;Cr 35 #10-69;3121234567;email@faltante.com;SIN INFORMACIÓN;312123457;email@faltante.com;;;;;;
10040;;;Hogar de Paso Día y Hogar de Paso Noche Los Mártires;11;11001;1622;KR 18B # 23ª- 41;3121234567;email@faltante.com;SIN INFORMACIÓN;312123457;email@faltante.com;;;;;;
10041;;;Servicio de Hogar de Paso Día para la Atención de Población Habitante de Calle Voto Nacional;11;11001;1623;Calle 12 No. 16-73;3121234567;email@faltante.com;SIN INFORMACIÓN;312123457;email@faltante.com;;;;;;
10042;;;Casa de la Sabiduría mi Refugio;11;11001;1624;KR 18 B 22 D 40;3121234567;email@faltante.com;SIN INFORMACIÓN;312123457;email@faltante.com;;;;;;
10043;;;Casa de la Sabiduria Sembrando Sueños;11;11001;1625;Carrera 18a # 3A 27;3121234567;email@faltante.com;SIN INFORMACIÓN;312123457;email@faltante.com;;;;;;
10044;;;232-JINF-SDIS-BOCHICA MAYRABARAHONA RODRIGUEZ-;11;11001;1626;CL 1 A BIS 35 20;3121234567;email@faltante.com;SIN INFORMACIÓN;312123457;email@faltante.com;;;;;;
10045;;;233-JINF-SDIS-CALIXTO TORRES-;11;11001;1627;KR 65 4 17;3121234567;email@faltante.com;SIN INFORMACIÓN;312123457;email@faltante.com;;;;;;
10046;;;234-JINF-SDIS-ALCALA MUZU-;11;11001;1628;KR 52 37 05 SUR;3121234567;email@faltante.com;SIN INFORMACIÓN;312123457;email@faltante.com;;;;;;
10047;;;235-JINF-SDIS-ANTONIO NARIÐO-;11;11001;1629;KR 59 17 60;3121234567;email@faltante.com;SIN INFORMACIÓN;312123457;email@faltante.com;;;;;;
10048;;;237-JINF-SDIS-SALACUNA PRIMAVERA Y GORGONZOLA-;11;11001;1630;CL 4 D 40 55;3121234567;email@faltante.com;SIN INFORMACIÓN;312123457;email@faltante.com;;;;;;
10049;;;238-JINF-SDIS-SATELITE PRIMAVERA-;11;11001;1631;KR 41 B 5 57;3121234567;email@faltante.com;SIN INFORMACIÓN;312123457;email@faltante.com;;;;;;
10050;;;239-JINF-SDIS-TRINIDAD GALAN-;11;11001;1632;CL 4 B 59 80;3121234567;email@faltante.com;SIN INFORMACIÓN;312123457;email@faltante.com;;;;;;
10051;;;121245-JINF-SDIS-CAMELIA-;11;11001;1633;TV 57 1 60 SUR;3121234567;email@faltante.com;SIN INFORMACIÓN;312123457;email@faltante.com;;;;;;
10052;;;121613-JINF-SDIS-ASERRIN ASERRAN-;11;11001;1634;CL 9 SUR 35 A 04;3121234567;email@faltante.com;SIN INFORMACIÓN;312123457;email@faltante.com;;;;;;
10053;;;122008-JINF-SDIS-SUEÑOS DE CUNA;11;11001;1635;CL 1 A BIS 35 20;3121234567;email@faltante.com;SIN INFORMACIÓN;312123457;email@faltante.com;;;;;;
10054;;; CENTRO PROTEGER ANTONIA SANTOS ;11;11001;1636; CALLE 4 # 53 F- 18;3121234567;email@faltante.com;SIN INFORMACIÓN;312123457;email@faltante.com;;;;;;
10055;;;CENTRO CRECER PUENTE ARANDA;11;11001;1637;Diagonal 2 No 57 A -39 ;3121234567;email@faltante.com;SIN INFORMACIÓN;312123457;email@faltante.com;;;;;;
10056;;;CENTRO DE AUTOCUIDADO PUENTE ARANDA ;11;11001;1638;CARRERA 32 No. 12-35;3121234567;email@faltante.com;SIN INFORMACIÓN;312123457;email@faltante.com;;;;;;
10057;;;122205-JINF-SDIS-LA ALEGRIA DE LA HOJA;11;11001;1639;KR 31 4 55;3121234567;email@faltante.com;SIN INFORMACIÓN;312123457;email@faltante.com;;;;;;
10058;;;122434-JINF-SDIS-RESO-SATELITE PRIMAVERA ;11;11001;1640;KR 41 B 5 57;3121234567;email@faltante.com;SIN INFORMACIÓN;312123457;email@faltante.com;;;;;;
10059;;;122632-JINF-SDIS-RESO-SALACUNA PRIMAVERA Y GORGONZOLA-;11;11001;1641;CL 4 D 40 55;3121234567;email@faltante.com;SIN INFORMACIÓN;312123457;email@faltante.com;;;;;;
10060;;;122732 JINF SDIS NOC Calixto Torres;11;11001;1642;KR 65 4 17;3121234567;email@faltante.com;SIN INFORMACIÓN;312123457;email@faltante.com;;;;;;
10061;;;122734 JINF SDIS NOC Antonio Nariðo;11;11001;1643;KR 59 17 60;3121234567;email@faltante.com;SIN INFORMACIÓN;312123457;email@faltante.com;;;;;;
10062;;;122738 JINF SDIS NOC Trinidad Galan;11;11001;1644;CL 4 B 59 80;3121234567;email@faltante.com;SIN INFORMACIÓN;312123457;email@faltante.com;;;;;;
10063;;;Centro de Desarrollo Integral y Diferencial - Proyecto de Vida;11;11001;1645;Cr 35 #10-69;3121234567;email@faltante.com;SIN INFORMACIÓN;312123457;email@faltante.com;;;;;;
10064;;;Casa de la Sabiduría Monseñor Oscar A Romero;11;11001;1646;CRA 38 BIS # 9-65 SUR;3121234567;email@faltante.com;SIN INFORMACIÓN;312123457;email@faltante.com;;;;;;
10065;;;251-JINF-SDIS-SOCORRO SUR-;11;11001;1647;KR 13 B 50 A 24 SUR;3121234567;email@faltante.com;SIN INFORMACIÓN;312123457;email@faltante.com;;;;;;
10066;;;257-JINF-SDIS-PIJAOS-;11;11001;1648;KR 10 B 35 02 SUR;3121234567;email@faltante.com;SIN INFORMACIÓN;312123457;email@faltante.com;;;;;;
10067;;;263-JINF-SDIS-ABRIENDO CAMINOS;11;11001;1649;TV 12 G 33 35 SUR;3121234567;email@faltante.com;SIN INFORMACIÓN;312123457;email@faltante.com;;;;;;
10068;;;121535-JINF-SDIS-CHIQUITINES DEL BOSQUE-;11;11001;1650;KR 5 A BIS A 48 P 50 SUR;3121234567;email@faltante.com;SIN INFORMACIÓN;312123457;email@faltante.com;;;;;;
10069;;;121634-JINF-SDIS-LUNA DEL SABER-;11;11001;1651;KR 2 B 48 Y 22 SUR;3121234567;email@faltante.com;SIN INFORMACIÓN;312123457;email@faltante.com;;;;;;
10070;;;121714-JINF-SDIS-SUEÑOS Y SONRISAS -;11;11001;1652;Cr 12G 22B 61 SUR;3121234567;email@faltante.com;SIN INFORMACIÓN;312123457;email@faltante.com;;;;;;
10071;;;122102-JINF-SDIS-CASTILLO DE SUEÑOS;11;11001;1653;CL 50 C SUR 11 B 22;3121234567;email@faltante.com;SIN INFORMACIÓN;312123457;email@faltante.com;;;;;;
10072;;;122103-JINF-SDIS-EL REFUGIO;11;11001;1654;CL 48 P BIS C SUR 5 10;3121234567;email@faltante.com;SIN INFORMACIÓN;312123457;email@faltante.com;;;;;;
10073;;;122105-JINF-SDIS-LAS LOMAS;11;11001;1655;DG 38 F SUR 11 B 24;3121234567;email@faltante.com;SIN INFORMACIÓN;312123457;email@faltante.com;;;;;;
10074;;;122106-JINF-SDIS-LOS PRINCIPITOS;11;11001;1656;CL 49 B BIS SUR 5 U 15;3121234567;email@faltante.com;SIN INFORMACIÓN;312123457;email@faltante.com;;;;;;
10075;;;122107-JINF-SDIS-MI PEQUEÑA CASITA;11;11001;1657;DG 48 Q 5 Z 20 SUR;3121234567;email@faltante.com;SIN INFORMACIÓN;312123457;email@faltante.com;;;;;;
10076;;;122108-JINF-SDIS-MI PEQUEÑO HOGAR;11;11001;1658;CL 49 BIS SUR 5 D 59;3121234567;email@faltante.com;SIN INFORMACIÓN;312123457;email@faltante.com;;;;;;
10077;;;122109-JINF-SDIS-MI TALLER CREATIVO;11;11001;1659;TV 1 B ESTE 49  20 SUR;3121234567;email@faltante.com;SIN INFORMACIÓN;312123457;email@faltante.com;;;;;;
10078;;;122435-JINF-SDIS-RESO-LUNA DEL SABER ;11;11001;1660;KR 2 B 48 Y 22 SUR;3121234567;email@faltante.com;SIN INFORMACIÓN;312123457;email@faltante.com;;;;;;
10079;;;258-JINF-SDIS-MARCO A IRIARTE-;11;11001;1661;KR 21 23 21 SUR;3121234567;email@faltante.com;SIN INFORMACIÓN;312123457;email@faltante.com;;;;;;
10080;;;259-JINF-SDIS-OLAYA-;11;11001;1662;KR 26 A 41 46 SUR;3121234567;email@faltante.com;SIN INFORMACIÓN;312123457;email@faltante.com;;;;;;
10081;;;260-JINF-SDIS-SAMORE-;11;11001;1663;CL 41 SUR 31 97;3121234567;email@faltante.com;SIN INFORMACIÓN;312123457;email@faltante.com;;;;;;
10082;;;261-JINF-SDIS-SAN JORGE;11;11001;1664;DG 45 B BIS 13 F 36 SUR;3121234567;email@faltante.com;SIN INFORMACIÓN;312123457;email@faltante.com;;;;;;
10083;;;CENTRO CRECER RAFAEL URIBE URIBE;11;11001;1665;Calle 31Bsur # 23B-14;3121234567;email@faltante.com;SIN INFORMACIÓN;312123457;email@faltante.com;;;;;;
10084;;;121821-JINF-SDIS-EL REPARADOR DE SUEÑOS;11;11001;1666;DG 45 B BIS 13 F 36 SUR;3121234567;email@faltante.com;SIN INFORMACIÓN;312123457;email@faltante.com;;;;;;
10085;;;122104-JINF-SDIS-GRANJAS DE SAN PABLO;11;11001;1667;KR 12 J 33 03 SUR;3121234567;email@faltante.com;SIN INFORMACIÓN;312123457;email@faltante.com;;;;;;
10086;;;122248-JINF-SDIS-TRAVESURAS DE COLORES;11;11001;1668;KR 13 A 31 F 25 SUR;3121234567;email@faltante.com;SIN INFORMACIÓN;312123457;email@faltante.com;;;;;;
10087;;;122292-JINF-SDIS-FUNTALENTUM;11;11001;1669;KR 20 24 88 SUR;3121234567;email@faltante.com;SIN INFORMACIÓN;312123457;email@faltante.com;;;;;;
10088;;;122367-JINF-SDIS-NUEVO ACACIAS-;11;11001;1670;CL  36 SUR 13 F 85;3121234567;email@faltante.com;SIN INFORMACIÓN;312123457;email@faltante.com;;;;;;
10089;;;122436-JINF-SDIS-RESO-OLAYA ;11;11001;1671;KR 26 A 41 46 SUR;3121234567;email@faltante.com;SIN INFORMACIÓN;312123457;email@faltante.com;;;;;;
10090;;;122506-JINF-SDIS-RESO-MARCO A IRIARTE-;11;11001;1672;KR 21 23 21 SUR;3121234567;email@faltante.com;SIN INFORMACIÓN;312123457;email@faltante.com;;;;;;
10091;;;122662 JINF SDIS NOC Olaya;11;11001;1673;KR 26 A 41 46 SUR;3121234567;email@faltante.com;SIN INFORMACIÓN;312123457;email@faltante.com;;;;;;
10092;;;122664 JINF SDIS NOC Marco A Iriarte;11;11001;1674;KR 21 23 21 SUR;3121234567;email@faltante.com;SIN INFORMACIÓN;312123457;email@faltante.com;;;;;;
10093;;;JINF SDIS NOC Nuevo Acacias;11;11001;1675;CL  36 SUR 13 F 85;3121234567;email@faltante.com;SIN INFORMACIÓN;312123457;email@faltante.com;;;;;;
10094;;;122929 JINF SDIS NOCT Samore;11;11001;1676;CL 41 SUR 31 97;3121234567;email@faltante.com;SIN INFORMACIÓN;312123457;email@faltante.com;;;;;;
10095;;;Casa de la Sabiduría Palabras Mayores;11;11001;1677;KR 11 26 12 SUR;3121234567;email@faltante.com;SIN INFORMACIÓN;312123457;email@faltante.com;;;;;;
10096;;;53-JINF-SDIS-BELLO HORIZONTE-;11;11001;1678;KR 3A Este # 31D - 21 Sur;3121234567;email@faltante.com;SIN INFORMACIÓN;312123457;email@faltante.com;;;;;;
10097;;;143-CAMA CENTRO AMAR SAN CRISTOBAL;11;11001;1679;Cll 31 C Sur No. 0 - 25 Este ;3121234567;email@faltante.com;SIN INFORMACIÓN;312123457;email@faltante.com;;;;;;
10098;;;CENTRO CRECER LA VICTORIA;11;11001;1680;Calle 32 A Sur No 7 – 32 Este;3121234567;email@faltante.com;SIN INFORMACIÓN;312123457;email@faltante.com;;;;;;
10099;;;CENTRO COMUNIDAD DE CUIDADO BELLO HORIZONTE;11;11001;1681;CL 31 D Bis Sur No. 2 - 55 Este;3121234567;email@faltante.com;SIN INFORMACIÓN;312123457;email@faltante.com;;;;;;
10100;;;121041-JINF-SDIS-LA VICTORIA-;11;11001;1682;CL 6B SUR # 0-57 ESTE;3121234567;email@faltante.com;SIN INFORMACIÓN;312123457;email@faltante.com;;;;;;
10101;;;121364-JINF-SDIS-LOURDES MAKADE TINIKA-;11;11001;1683;CL 8 SUR 8 B 26;3121234567;email@faltante.com;SIN INFORMACIÓN;312123457;email@faltante.com;;;;;;
10102;;;121657-JINF-SDIS-JOSE MARTI-;11;11001;1684;CL 27 A SUR 2 75;3121234567;email@faltante.com;SIN INFORMACIÓN;312123457;email@faltante.com;;;;;;
10103;;;121817-JINF-SDIS-UN MUNDO PARA SOÑAR;11;11001;1685;CL 27 A SUR 2 75;3121234567;email@faltante.com;SIN INFORMACIÓN;312123457;email@faltante.com;;;;;;
10104;;;121857-JINF-SDIS-LOS ANGELES DE DAVID;11;11001;1686;KR 3A Este # 31D - 21 Sur;3121234567;email@faltante.com;SIN INFORMACIÓN;312123457;email@faltante.com;;;;;;
10105;;;CENTRO CRECER BALCANES;11;11001;1687;Calle 11sur No 1B - 10 Este;3121234567;email@faltante.com;SIN INFORMACIÓN;312123457;email@faltante.com;;;;;;
10106;;; CENTRO PROTEGER LA MARÍA;11;11001;1688; CARRERA 3 A #10-26 SUR ;3121234567;email@faltante.com;SIN INFORMACIÓN;312123457;email@faltante.com;;;;;;
10107;;;122110-JINF-SDIS-GUACAMAYAS (MI PEQUEÑO PARAISO);11;11001;1689;CL 37 A BIS A SUR 3 A 84;3121234567;email@faltante.com;SIN INFORMACIÓN;312123457;email@faltante.com;;;;;;
10108;;;122112-JINF-SDIS-LA GRAN COLOMBIA POSITO DE SUEÑOS;11;11001;1690;KR 18 ESTE 9 A 68 SUR;3121234567;email@faltante.com;SIN INFORMACIÓN;312123457;email@faltante.com;;;;;;
10109;;;122115-JINF-SDIS-SAN ISIDRO LOS CARI;11;11001;1691;CL 35 A SUR 6 A 15;3121234567;email@faltante.com;SIN INFORMACIÓN;312123457;email@faltante.com;;;;;;
10110;;;CENTRO INTEGRARTE EXTERNO GRUPO 7 BALCANES ;11;11001;1692;Calle 11sur No 1B - 10 Este;3121234567;email@faltante.com;SIN INFORMACIÓN;312123457;email@faltante.com;;;;;;
10111;;;CENTRO INTEGRARTE EXTERNO GRUPO 10;11;11001;1693;Calle 11sur No 1B - 10 Este;3121234567;email@faltante.com;SIN INFORMACIÓN;312123457;email@faltante.com;;;;;;
10112;;;122620-JINF-SDIS-RESO-LA VICTORIA-;11;11001;1694;CL 6B SUR # 0-57 ESTE;3121234567;email@faltante.com;SIN INFORMACIÓN;312123457;email@faltante.com;;;;;;
10113;;; CENTRO PROTEGER LA MARÍA 1;11;11001;1695; CARRERA 3 A #10-26 SUR ;3121234567;email@faltante.com;SIN INFORMACIÓN;312123457;email@faltante.com;;;;;;
10114;;; CENTRO PROTEGER LA MARÍA 2;11;11001;1696; CARRERA 3 A #10-26 SUR ;3121234567;email@faltante.com;SIN INFORMACIÓN;312123457;email@faltante.com;;;;;;
10115;;; CENTRO PROTEGER LA MARÍA 3;11;11001;1697; CARRERA 3 A #10-26 SUR ;3121234567;email@faltante.com;SIN INFORMACIÓN;312123457;email@faltante.com;;;;;;
10116;;; CENTRO PROTEGER LA MARÍA 4;11;11001;1698; CARRERA 3 A #10-26 SUR ;3121234567;email@faltante.com;SIN INFORMACIÓN;312123457;email@faltante.com;;;;;;
10117;;; CENTRO PROTEGER LA MARÍA 5;11;11001;1699; CARRERA 3 A #10-26 SUR ;3121234567;email@faltante.com;SIN INFORMACIÓN;312123457;email@faltante.com;;;;;;
10118;;;55-JINF-SDIS-EL QUINDIO-;11;11001;1700;KR 16 A ESTE 46 C 20 SUR;3121234567;email@faltante.com;SIN INFORMACIÓN;312123457;email@faltante.com;;;;;;
10119;;;121749-JINF-SDIS-ALEX Y NIEVES;11;11001;1701;CL 58 SUR 16 19 ESTE;3121234567;email@faltante.com;SIN INFORMACIÓN;312123457;email@faltante.com;;;;;;
10120;;;121812-JINF-SDIS-GABITO;11;11001;1702;CL 37 BIS B SUR 2 81 ESTE;3121234567;email@faltante.com;SIN INFORMACIÓN;312123457;email@faltante.com;;;;;;
10121;;;122111-JINF-SDIS-JUAN REY;11;11001;1703;CL 71 SUR 13 B 22 ESTE;3121234567;email@faltante.com;SIN INFORMACIÓN;312123457;email@faltante.com;;;;;;
10122;;;122113-JINF-SDIS-LA PENINSULA;11;11001;1704;CL 47 SUR 1 03;3121234567;email@faltante.com;SIN INFORMACIÓN;312123457;email@faltante.com;;;;;;
10123;;;122114-JINF-SDIS-REPUBLICA DE CANADA;11;11001;1705;TV 12 B ESTE 55 98 SUR;3121234567;email@faltante.com;SIN INFORMACIÓN;312123457;email@faltante.com;;;;;;
10124;;;122116-JINF-SDIS-SAN MARTIN DE LOBA;11;11001;1706;CL 41 B SUR 1 23 ESTE;3121234567;email@faltante.com;SIN INFORMACIÓN;312123457;email@faltante.com;;;;;;
10125;;;122117-JINF-SDIS-SAN MIGUEL;11;11001;1707;CL 40 SUR 5 30 este;3121234567;email@faltante.com;SIN INFORMACIÓN;312123457;email@faltante.com;;;;;;
10126;;;122118-JINF-SDIS-VILLA DE LA PAZ;11;11001;1708;CL 66 SUR 11 A 27 ESTE;3121234567;email@faltante.com;SIN INFORMACIÓN;312123457;email@faltante.com;;;;;;
10127;;;122621-JINF-SDIS-RESO-REPUBLICA DE CANADA-;11;11001;1709;TV 12 B ESTE 55 98 SUR;3121234567;email@faltante.com;SIN INFORMACIÓN;312123457;email@faltante.com;;;;;;
10128;;;122625-JINF-SDIS-RESO-SAN MIGUEL-;11;11001;1710;CL 40 SUR 5 30 este;3121234567;email@faltante.com;SIN INFORMACIÓN;312123457;email@faltante.com;;;;;;
10129;;;122650 JINF SDIS Altos De Zuque;11;11001;1711;CALLE 43 A BIS SUR N 17-44 Este;3121234567;email@faltante.com;SIN INFORMACIÓN;312123457;email@faltante.com;;;;;;
10130;;;122779 JINF SDIS NOCT Altos De Zuque;11;11001;1712;CALLE 43 A BIS SUR N 17-44 Este;3121234567;email@faltante.com;SIN INFORMACIÓN;312123457;email@faltante.com;;;;;;
10131;;;Comedor Comunitario San Blas;11;11001;1713;Kr 3 Este 18 A 53 Sur;3121234567;email@faltante.com;SIN INFORMACIÓN;312123457;email@faltante.com;;;;;;
10132;;;Atención Sociosanitaria para Ciudadanas y Ciudadanos Habitantes de Calle Balcanes;11;11001;1714;Calle 11 sur #1b10este ;3121234567;email@faltante.com;SIN INFORMACIÓN;312123457;email@faltante.com;;;;;;
10133;;;Casa de la Sabiduría La Montaña del Saber;11;11001;1715;Carrera 1a # 22a - 01 sur barrio Granada ;3121234567;email@faltante.com;SIN INFORMACIÓN;312123457;email@faltante.com;;;;;;
10134;;;25-JINF-SDIS-ATANASIO GIRARDOT-;11;11001;1716;KR 1 A ESTE 1  F 06;3121234567;email@faltante.com;SIN INFORMACIÓN;312123457;email@faltante.com;;;;;;
10135;;;31-JINF-SDIS-LOS LACHES-;11;11001;1717;DG 4 B 6 A 11 ESTE;3121234567;email@faltante.com;SIN INFORMACIÓN;312123457;email@faltante.com;;;;;;
10136;;;32-JINF-SDIS-LA PERSEVERANCIA-;11;11001;1718;KR 1 ESTE 33 00;3121234567;email@faltante.com;SIN INFORMACIÓN;312123457;email@faltante.com;;;;;;
10137;;;CENTRO CRECER LOURDES;11;11001;1719;Carrera 2 N. 4- 10;3121234567;email@faltante.com;SIN INFORMACIÓN;312123457;email@faltante.com;;;;;;
10138;;;121111-JINF-SDIS-GOTICAS DE ILUSION-;11;11001;1720;KR 11 ESTE 1 A 73;3121234567;email@faltante.com;SIN INFORMACIÓN;312123457;email@faltante.com;;;;;;
10139;;;121415-JINF-SDIS-WAWITAKUNAPA WASI LA-;11;11001;1721;KR 1 ESTE 33 00;3121234567;email@faltante.com;SIN INFORMACIÓN;312123457;email@faltante.com;;;;;;
10140;;;121695-JINF-SDIS- CAMENTSÁ - SHINYAC;11;11001;1722;CL 1 C 13 47;3121234567;email@faltante.com;SIN INFORMACIÓN;312123457;email@faltante.com;;;;;;
10141;;;121891-JINF-SDIS-GOTICAS DE ROCIO;11;11001;1723;CL 3 5 B 54 ESTE;3121234567;email@faltante.com;SIN INFORMACIÓN;312123457;email@faltante.com;;;;;;
10142;;;122007-JINF-SDIS-ATA;11;11001;1724;AC 6 3 A 51;3121234567;email@faltante.com;SIN INFORMACIÓN;312123457;email@faltante.com;;;;;;
10143;;;122119-JINF-SDIS-EL TRIUNFO;11;11001;1725;CL 1 BIS B 1 B 69;3121234567;email@faltante.com;SIN INFORMACIÓN;312123457;email@faltante.com;;;;;;
10144;;;122120-JINF-SDIS-SANTA ROSA DE LIMA;11;11001;1726;CL 1 D 6 03 ESTE;3121234567;email@faltante.com;SIN INFORMACIÓN;312123457;email@faltante.com;;;;;;
10145;;;122718 JINF SDIS NOC Ata;11;11001;1727;AC 6 3 A 51;3121234567;email@faltante.com;SIN INFORMACIÓN;312123457;email@faltante.com;;;;;;
10146;;;Casa de la Sabiduría Años Dorados;11;11001;1728;Carrera 2 N. 4- 10;3121234567;email@faltante.com;SIN INFORMACIÓN;312123457;email@faltante.com;;;;;;
10147;;;121-JINF-SDIS-GLORIA LARA-;11;11001;1729;KR 94 D 131 03;3121234567;email@faltante.com;SIN INFORMACIÓN;312123457;email@faltante.com;;;;;;
10148;;;122-JINF-SDIS-HELVETIA-;11;11001;1730;CL 129 55 05;3121234567;email@faltante.com;SIN INFORMACIÓN;312123457;email@faltante.com;;;;;;
10149;;;124-JINF-SDIS-LA MANUELITA-;11;11001;1731;AK 91 129 A 10;3121234567;email@faltante.com;SIN INFORMACIÓN;312123457;email@faltante.com;;;;;;
10150;;;125-JINF-SDIS-SUBA-;11;11001;1732;CL 146 C BIS 91 42;3121234567;email@faltante.com;SIN INFORMACIÓN;312123457;email@faltante.com;;;;;;
10151;;;CENTRO CRECER RINCON;11;11001;1733;Carrera 95 A N. 130  - 81;3121234567;email@faltante.com;SIN INFORMACIÓN;312123457;email@faltante.com;;;;;;
10152;;;113315-CAMA-CENTRO AMAR SUBA;11;11001;1734;Cra. 100 A No. 137 - 13 ;3121234567;email@faltante.com;SIN INFORMACIÓN;312123457;email@faltante.com;;;;;;
10153;;;121407-JINF-SDIS-JULIO FLOREZ;11;11001;1735;KR 68 B 94 A 98;3121234567;email@faltante.com;SIN INFORMACIÓN;312123457;email@faltante.com;;;;;;
10154;;;121450-JINF-SDIS-AURES-;11;11001;1736;CL 130 B  96 57;3121234567;email@faltante.com;SIN INFORMACIÓN;312123457;email@faltante.com;;;;;;
10155;;;121609 JINF SDIS Princesa Orika (AFRO);11;11001;1737;CL 130 89 09;3121234567;email@faltante.com;SIN INFORMACIÓN;312123457;email@faltante.com;;;;;;
10156;;;121805-JINF-SDIS-LUCIERNAGA FELIZ;11;11001;1738;AK 91 129 A 10;3121234567;email@faltante.com;SIN INFORMACIÓN;312123457;email@faltante.com;;;;;;
10157;;;121833-JINF-SDIS-HAMACA DE SUEÑOS;11;11001;1739;CL 130 B  96 57;3121234567;email@faltante.com;SIN INFORMACIÓN;312123457;email@faltante.com;;;;;;
10158;;;121859-JINF-SDIS-DORADITO LAGUNERO;11;11001;1740;KR 99 154 A 25;3121234567;email@faltante.com;SIN INFORMACIÓN;312123457;email@faltante.com;;;;;;
10159;;;122082-JINF-SDIS-EL RUBY;11;11001;1741;CL 128 A BIS A 92 72;3121234567;email@faltante.com;SIN INFORMACIÓN;312123457;email@faltante.com;;;;;;
10160;;;122083-JINF-SDIS-LA CHUCUA;11;11001;1742;CL 131 C 100 44;3121234567;email@faltante.com;SIN INFORMACIÓN;312123457;email@faltante.com;;;;;;
10161;;;122085-JINF-SDIS-SAN CAYETANO;11;11001;1743;CR 93F 127B 46;3121234567;email@faltante.com;SIN INFORMACIÓN;312123457;email@faltante.com;;;;;;
10162;;;122341-JINF-SDIS-JUEGO DE COLORES;11;11001;1744;KR 99 154 A 25;3121234567;email@faltante.com;SIN INFORMACIÓN;312123457;email@faltante.com;;;;;;
10163;;;122444-JINF-SDIS-RESO-LA RANITA DORADA ;11;11001;1745;CL 130 89 09;3121234567;email@faltante.com;SIN INFORMACIÓN;312123457;email@faltante.com;;;;;;
10164;;;121108-JINF-CC-Dulce Maria-;11;11001;1746;carrera 118 No 137  A 2 ;3121234567;email@faltante.com;SIN INFORMACIÓN;312123457;email@faltante.com;;;;;;
10165;;;121431-JINF-SDIS-GUE ATYQUIIB XAGUARA SUN SIASUA (LOS PINOS);11;11001;1747;CL 144 139 55;3121234567;email@faltante.com;SIN INFORMACIÓN;312123457;email@faltante.com;;;;;;
10166;;;121690-JINF-SDIS-CASTORCITO;11;11001;1748;CL 134 A 150 B 03;3121234567;email@faltante.com;SIN INFORMACIÓN;312123457;email@faltante.com;;;;;;
10167;;;122031-JINF-SDIS-CURRUCUTU;11;11001;1749;CL 144 139 55;3121234567;email@faltante.com;SIN INFORMACIÓN;312123457;email@faltante.com;;;;;;
10168;;;122081-JINF-SDIS-COMUNEROS NORTE;11;11001;1750;CL 140 A 111 B 30;3121234567;email@faltante.com;SIN INFORMACIÓN;312123457;email@faltante.com;;;;;;
10169;;;122084-JINF-SDIS-NUEVOS TIMANQUITOS;11;11001;1751;KR 125 B 132 B 51;3121234567;email@faltante.com;SIN INFORMACIÓN;312123457;email@faltante.com;;;;;;
10170;;;122086-JINF-SDIS-TIMANQUITOS;11;11001;1752;CL 133 BIS 126 37;3121234567;email@faltante.com;SIN INFORMACIÓN;312123457;email@faltante.com;;;;;;
10171;;;122250-JINF-SDIS-ARCO IRIS;11;11001;1753;CL 141 118 74;3121234567;email@faltante.com;SIN INFORMACIÓN;312123457;email@faltante.com;;;;;;
10172;;;122284-JINF-SDIS-BOSQUE ENCANTADO;11;11001;1754;KR  136C  152F - 44;3121234567;email@faltante.com;SIN INFORMACIÓN;312123457;email@faltante.com;;;;;;
10173;;;CENTRO INTEGRARTE EXTERNO GRUPO 6 GAITANA ;11;11001;1755;Carrera 125B No. 131 A-10;3121234567;email@faltante.com;SIN INFORMACIÓN;312123457;email@faltante.com;;;;;;
10174;;;122445-JINF-SDIS-RESO-TIMANQUITOS ;11;11001;1756;CL 133 BIS 126 37;3121234567;email@faltante.com;SIN INFORMACIÓN;312123457;email@faltante.com;;;;;;
10175;;;122446-JINF-SDIS-RESO-CASTORCITO ;11;11001;1757;CL 134 A 150 B 03;3121234567;email@faltante.com;SIN INFORMACIÓN;312123457;email@faltante.com;;;;;;
10176;;;122701 JINF SDIS NOC Nuevos Timanquitos;11;11001;1758;KR 125 B 132 B 51;3121234567;email@faltante.com;SIN INFORMACIÓN;312123457;email@faltante.com;;;;;;
10177;;; 122758 JI COLIBRI DE LA ESPERANZA;11;11001;1759;CL 141 118 74;3121234567;email@faltante.com;SIN INFORMACIÓN;312123457;email@faltante.com;;;;;;
10178;;;Casa de la Sabiduría Alegría de Vivir;11;11001;1760;CL 133 126 15;3121234567;email@faltante.com;SIN INFORMACIÓN;312123457;email@faltante.com;;;;;;
10179;;;122379-ESRU-SEMILLITAS DEL SABER CAMPESINO;11;11001;1761;"KM 8 VIA CABRERA LA UNIÓN
CENTRO POBLADO SAN JUAN";3121234567;email@faltante.com;SIN INFORMACIÓN;312123457;email@faltante.com;;;;;;
10180;;;122380-ESRU-PEQUEÑOS EXPLORADORES SUMAPASEÑOS;11;11001;1762;"GIMNASIO DEL CAMPO JUAN DE LA CRUZ VARELA
CENTRO POBLADO";3121234567;email@faltante.com;SIN INFORMACIÓN;312123457;email@faltante.com;;;;;;
10181;;;122381-ESRU-RUANITAS ENTRE NUBES;11;11001;1763;COLEGIO JAIME GARZON;3121234567;email@faltante.com;SIN INFORMACIÓN;312123457;email@faltante.com;;;;;;
10182;;;Casa de la Sabiduría el Verdegal;11;11001;1764;VEREDA BETANIA;3121234567;email@faltante.com;SIN INFORMACIÓN;312123457;email@faltante.com;;;;;;
10183;;;CENTRO COMUNIDAD DE CUIDADO BOSQUE POPULAR;11;11001;1765;CARRERA 39 No 25- 22 (torre 2);3121234567;email@faltante.com;SIN INFORMACIÓN;312123457;email@faltante.com;;;;;;
10184;;;"121658-JINF-SDIS-""TEUSAQUILLO"" LUGAR DE RECREO";11;11001;1766;CL 45 C 24 42;3121234567;email@faltante.com;SIN INFORMACIÓN;312123457;email@faltante.com;;;;;;
10185;;;122404-JINF-SDIS-RESO-TEUSAQUILLO LUGAR DE RECREO- ;11;11001;1767;CL 45 C 24 42;3121234567;email@faltante.com;SIN INFORMACIÓN;312123457;email@faltante.com;;;;;;
10186;;;Casa de la Sabiduría Tierra de Saberes;11;11001;1768;KR 18 39 20;3121234567;email@faltante.com;SIN INFORMACIÓN;312123457;email@faltante.com;;;;;;
10187;;;171-JINF-SDIS-EL CARMEN;11;11001;1769;KR 28 48 A 17 SUR;3121234567;email@faltante.com;SIN INFORMACIÓN;312123457;email@faltante.com;;;;;;
10188;;;172 JINF SDIS Pablo De Tarso;11;11001;1770;DG 49 D SUR 48 63;3121234567;email@faltante.com;SIN INFORMACIÓN;312123457;email@faltante.com;;;;;;
10189;;;173-JINF-SDIS-RAFAEL BARBERI CUALLA-;11;11001;1771;KR 36 50 B 35 SUR;3121234567;email@faltante.com;SIN INFORMACIÓN;312123457;email@faltante.com;;;;;;
10190;;;174-JINF-SDIS-SAN BENITO-;11;11001;1772;CL 58 SUR 19 B 37;3121234567;email@faltante.com;SIN INFORMACIÓN;312123457;email@faltante.com;;;;;;
10191;;;175-JINF-SDIS-SANTA LUCIA-;11;11001;1773;CL 50 SUR 18 B 60;3121234567;email@faltante.com;SIN INFORMACIÓN;312123457;email@faltante.com;;;;;;
10192;;;176-JINF-SDIS-TUNJUELITO-;11;11001;1774;CL 58 SUR 13 01;3121234567;email@faltante.com;SIN INFORMACIÓN;312123457;email@faltante.com;;;;;;
10193;;;262-JINF-SDIS-JI RONDAS Y JUEGOS;11;11001;1775;KR 11 A 52 54 SUR;3121234567;email@faltante.com;SIN INFORMACIÓN;312123457;email@faltante.com;;;;;;
10194;;;121635-JINF-SDIS-SIMONCITO-;11;11001;1776;KR 65 A 62 C 16 SUR;3121234567;email@faltante.com;SIN INFORMACIÓN;312123457;email@faltante.com;;;;;;
10195;;;121730-JINF-SDIS-LA ESPIGUITA DORADA;11;11001;1777;KR 13 F 51 24 SUR;3121234567;email@faltante.com;SIN INFORMACIÓN;312123457;email@faltante.com;;;;;;
10196;;;121748-JINF-SDIS-ROSITA ENCANTADA;11;11001;1778;KR 19 56 A 73 SUR;3121234567;email@faltante.com;SIN INFORMACIÓN;312123457;email@faltante.com;;;;;;
10197;;;122121-JINF-SDIS-ISLA DEL SOL;11;11001;1779;CL 67 B SUR 63 15;3121234567;email@faltante.com;SIN INFORMACIÓN;312123457;email@faltante.com;;;;;;
10198;;;122122 JINF SDIS Colina De Los Sueños;11;11001;1780;CR 54 47A 18 SUR;3121234567;email@faltante.com;SIN INFORMACIÓN;312123457;email@faltante.com;;;;;;
10199;;;122337-JARDIN INFANTIL SDIS EL RINCON DE LAS ARDILLAS;11;11001;1781;CL 53 SUR 13 C 56;3121234567;email@faltante.com;SIN INFORMACIÓN;312123457;email@faltante.com;;;;;;
10200;;;122624-JINF-SDIS-RESO-EL RINCON DE LAS ARDILLAS;11;11001;1782;CL 53 SUR 13 C 56;3121234567;email@faltante.com;SIN INFORMACIÓN;312123457;email@faltante.com;;;;;;
10201;;;Casa de la Sabiduría Macondo;11;11001;1783;Carrera 14 Bis No 53 Sur - 54 (Nueva);3121234567;email@faltante.com;SIN INFORMACIÓN;312123457;email@faltante.com;;;;;;
10202;;;8-JINF-SDIS-BARRANCAS-;11;11001;1784;KR 7 155 80;3121234567;email@faltante.com;SIN INFORMACIÓN;312123457;email@faltante.com;;;;;;
10203;;;9-JINF-SDIS-VERBENAL-;11;11001;1785;KR 18 A 187 75;3121234567;email@faltante.com;SIN INFORMACIÓN;312123457;email@faltante.com;;;;;;
10204;;;11-JINF-SDIS-BUENAVISTA-;11;11001;1786;CL 190 4 C 63;3121234567;email@faltante.com;SIN INFORMACIÓN;312123457;email@faltante.com;;;;;;
10205;;;CENTRO CRECER USAQUEN;11;11001;1787;Calle 165 N. 7 - 32- Servita;3121234567;email@faltante.com;SIN INFORMACIÓN;312123457;email@faltante.com;;;;;;
10206;;;113372-CAMA CENTRO AMAR USAQUEN;11;11001;1788;Cll 165 - 7 - 38 ;3121234567;email@faltante.com;SIN INFORMACIÓN;312123457;email@faltante.com;;;;;;
10207;;;121742-JINF-SDIS-TIBABITA-;11;11001;1789;CL 191 8 38;3121234567;email@faltante.com;SIN INFORMACIÓN;312123457;email@faltante.com;;;;;;
10208;;;121743-JINF-SDIS-SANTA CECILIA-;11;11001;1790;KR 5 A 164 A 03;3121234567;email@faltante.com;SIN INFORMACIÓN;312123457;email@faltante.com;;;;;;
10209;;;121876-JINF-SDIS-HORIZONTE;11;11001;1791;KR 3 A 183 A 15;3121234567;email@faltante.com;SIN INFORMACIÓN;312123457;email@faltante.com;;;;;;
10210;;;121877-JINF-SDIS-ORQUIDEAS;11;11001;1792;AC 161 16 B 43;3121234567;email@faltante.com;SIN INFORMACIÓN;312123457;email@faltante.com;;;;;;
10211;;;121878-JINF-SDIS-BABILONIA;11;11001;1793;CL 164 B 14 C 49;3121234567;email@faltante.com;SIN INFORMACIÓN;312123457;email@faltante.com;;;;;;
10212;;;122024-JINF-SDIS-SOL NACIENTE;11;11001;1794;CL 164 B 8 F 31;3121234567;email@faltante.com;SIN INFORMACIÓN;312123457;email@faltante.com;;;;;;
10213;;;122259-JINF-SDIS-ALELI;11;11001;1795;CL 162 17 A 75;3121234567;email@faltante.com;SIN INFORMACIÓN;312123457;email@faltante.com;;;;;;
10214;;;122449JINF-SDIS-RESO-SANTA CECILIA ;11;11001;1796;KR 5 A 164 A 03;3121234567;email@faltante.com;SIN INFORMACIÓN;312123457;email@faltante.com;;;;;;
10215;;;122654 JINF SDIS NOC Santa Cecilia;11;11001;1797;KR 5 A 164 A 03;3121234567;email@faltante.com;SIN INFORMACIÓN;312123457;email@faltante.com;;;;;;
10216;;;122694 JINF SDIS NOC Orquideas;11;11001;1798;AC 161 16 B 43;3121234567;email@faltante.com;SIN INFORMACIÓN;312123457;email@faltante.com;;;;;;
10217;;;12269 JINF SDIS NOC Buenavista;11;11001;1799;CL 190 4 C 63;3121234567;email@faltante.com;SIN INFORMACIÓN;312123457;email@faltante.com;;;;;;
10218;;;122697 JINF SDIS NOC Verbenal;11;11001;1800;KR 18 A 187 75;3121234567;email@faltante.com;SIN INFORMACIÓN;312123457;email@faltante.com;;;;;;
10219;;;Casa de la Sabiduría la Casa en el Árbol;11;11001;1801;Calle 165 No 7-38;3121234567;email@faltante.com;SIN INFORMACIÓN;312123457;email@faltante.com;;;;;;
10220;;;56-JINF-SDIS-LA ESPERANZA-;11;11001;1802;CL 76 B SUR 14 39 ESTE;3121234567;email@faltante.com;SIN INFORMACIÓN;312123457;email@faltante.com;;;;;;
10221;;;164-JINF-SDIS-BETANIA-;11;11001;1803;CL 76 B SUR 5 64;3121234567;email@faltante.com;SIN INFORMACIÓN;312123457;email@faltante.com;;;;;;
10222;;;CENTRO CRECER TEJARES;11;11001;1804;Carrera 2  A Este N. 75 A 22 Sur;3121234567;email@faltante.com;SIN INFORMACIÓN;312123457;email@faltante.com;;;;;;
10223;;;121365-JINF-SDIS-EL VIRREY SEMILLAS AMBIKA PIJAO-;11;11001;1805;KR 8 D 81 SUR 36 (NUEVA);3121234567;email@faltante.com;SIN INFORMACIÓN;312123457;email@faltante.com;;;;;;
10224;;;121659-JINF-SDIS-ARTESANOS DE SONRISAS;11;11001;1806;CL 75 SUR 10 67 (NUEVA);3121234567;email@faltante.com;SIN INFORMACIÓN;312123457;email@faltante.com;;;;;;
10225;;;121745-JINF-SDIS-PEBLES Y BAMBAM-;11;11001;1807;CL 76 B SUR 8 C 12;3121234567;email@faltante.com;SIN INFORMACIÓN;312123457;email@faltante.com;;;;;;
10226;;;122142-JINF-SDIS-FISCALA;11;11001;1808;"CL 64 SUR 2  14 ESTE
CL 64 SUR 2 C 16 ESTE";3121234567;email@faltante.com;SIN INFORMACIÓN;312123457;email@faltante.com;;;;;;
10227;;;122143-JINF-SDIS-GRAN YOMASA;11;11001;1809;"KR 5 83 14 SUR (NUEVA)
CL 84 3 A 13 SUR (ANTIGUA)";3121234567;email@faltante.com;SIN INFORMACIÓN;312123457;email@faltante.com;;;;;;
10228;;;122144-JINF-SDIS-MARICHUELA;11;11001;1810;CL 77 A SUR 14 C 32;3121234567;email@faltante.com;SIN INFORMACIÓN;312123457;email@faltante.com;;;;;;
10229;;;122145-JINF-SDIS-NEVADO;11;11001;1811;CL 68 C SUR 6 A 50;3121234567;email@faltante.com;SIN INFORMACIÓN;312123457;email@faltante.com;;;;;;
10230;;;122146-JINF-SDIS-NUEVA ESPERANZA OLI;11;11001;1812;CL 75 C SUR 2 36;3121234567;email@faltante.com;SIN INFORMACIÓN;312123457;email@faltante.com;;;;;;
10231;;;122148-JINF-SDIS-SANTA MARTA;11;11001;1813;CL 68 C SUR 9 A 50;3121234567;email@faltante.com;SIN INFORMACIÓN;312123457;email@faltante.com;;;;;;
10232;;;122339-JINF-SDIS-LA FORTALEZA DEL OSO;11;11001;1814;CL 71 D 14 - 64 SUR;3121234567;email@faltante.com;SIN INFORMACIÓN;312123457;email@faltante.com;;;;;;
10233;;;122560-JINF-SDIS-RESO-SANTA MARTA-;11;11001;1815;CL 68 C SUR 9 A 50;3121234567;email@faltante.com;SIN INFORMACIÓN;312123457;email@faltante.com;;;;;;
10234;;;122626-JINF-SDIS-RESO-BETANIA-;11;11001;1816;CL 76 B SUR 5 64;3121234567;email@faltante.com;SIN INFORMACIÓN;312123457;email@faltante.com;;;;;;
10235;;;165-JINF-SDIS-EL OASIS-;11;11001;1817;KR 14 G BIS 133 A 22 SUR;3121234567;email@faltante.com;SIN INFORMACIÓN;312123457;email@faltante.com;;;;;;
10236;;;167-JINF-SDIS-MARIA MICAELA-;11;11001;1818;KR 14 C ESTE 90 A 07 SUR;3121234567;email@faltante.com;SIN INFORMACIÓN;312123457;email@faltante.com;;;;;;
10237;;;113370- CAMA CENTRO AMAR USME;11;11001;1819;CL 91 SUR 3C-34 ESTE;3121234567;email@faltante.com;SIN INFORMACIÓN;312123457;email@faltante.com;;;;;;
10238;;;121582-JINF-SDIS-AMIGUITOS DEL VALLE DE CAFAM-;11;11001;1820;CL 92 BIS SUR 14 H 09;3121234567;email@faltante.com;SIN INFORMACIÓN;312123457;email@faltante.com;;;;;;
10239;;;121744-JINF-SDIS-MONTEBLANCO-;11;11001;1821;"CL 95 SUR 3 A 10 (antigua)
CL 95 SUR 14 C 46";3121234567;email@faltante.com;SIN INFORMACIÓN;312123457;email@faltante.com;;;;;;
10240;;;121756-JINF-SDIS-USME CENTRO;11;11001;1822;CL 137 B SUR 13 66;3121234567;email@faltante.com;SIN INFORMACIÓN;312123457;email@faltante.com;;;;;;
10241;;;121879-JINF-SDIS-CASA LOMA;11;11001;1823;TV 8 B ESTE 88 I 41 SUR;3121234567;email@faltante.com;SIN INFORMACIÓN;312123457;email@faltante.com;;;;;;
10242;;;121880-JINF-SDIS-TENERIFE;11;11001;1824;CL 91 A SUR 14 90;3121234567;email@faltante.com;SIN INFORMACIÓN;312123457;email@faltante.com;;;;;;
10243;;;121881-JINF-SDIS-LORENZO ALCANTUZ;11;11001;1825;DG 102 SUR 4 21 ESTE;3121234567;email@faltante.com;SIN INFORMACIÓN;312123457;email@faltante.com;;;;;;
10244;;;121882-JINF-SDIS-COMUNEROS ASVECOM;11;11001;1826;KR 1 C 96 56 SUR;3121234567;email@faltante.com;SIN INFORMACIÓN;312123457;email@faltante.com;;;;;;
10245;;;121883-JINF-SDIS-CHUNIZA;11;11001;1827;KR 9 84 A 82 SUR;3121234567;email@faltante.com;SIN INFORMACIÓN;312123457;email@faltante.com;;;;;;
10246;;;122021-JINF-SDIS-LAS FLORES;11;11001;1828;KR 12 H ESTE 89 32 SUR;3121234567;email@faltante.com;SIN INFORMACIÓN;312123457;email@faltante.com;;;;;;
10247;;;122141-JINF-SDIS-ALASKA;11;11001;1829;"DG 100 B SUR 5 A 05 (NUEVA)
DG 100 B SUR 3 A 21  ESTE (ANTIGUA)";3121234567;email@faltante.com;SIN INFORMACIÓN;312123457;email@faltante.com;;;;;;
10248;;;122147-JINF-SDIS-PUERTA AL LLANO;11;11001;1830;CL 107 SUR 7 D 14 ESTE;3121234567;email@faltante.com;SIN INFORMACIÓN;312123457;email@faltante.com;;;;;;
10249;;;122149-JINF-SDIS-SERRANIAS;11;11001;1831;DG 96 SUR 2 A 67 ESTE;3121234567;email@faltante.com;SIN INFORMACIÓN;312123457;email@faltante.com;;;;;;
10250;;;122638-JINF-SDIS-RESO-CHUNIZA ;11;11001;1832;KR 9 84 A 82 SUR;3121234567;email@faltante.com;SIN INFORMACIÓN;312123457;email@faltante.com;;;;;;
10251;;;122652 JINF SDIS NOC Chuniza;11;11001;1833;KR 9 84 A 82 SUR;3121234567;email@faltante.com;SIN INFORMACIÓN;312123457;email@faltante.com;;;;;;
10252;;;Comedor Comunitario Usme;11;11001;1834;Kr 3 Este 91 39 Sur;3121234567;email@faltante.com;SIN INFORMACIÓN;312123457;email@faltante.com;;;;;;
10253;;;Casa de la Sabiduría Celebra la Vida;11;11001;1835;CR 14C 73D 36 SUR;3121234567;email@faltante.com;SIN INFORMACIÓN;312123457;email@faltante.com;;;;;;
10254;;;Casa de la Sabiduría San David;11;11001;1836;Calle 86 A Sur # 7 - 79 Este ;3121234567;email@faltante.com;SIN INFORMACIÓN;312123457;email@faltante.com;;;;;;
10255;;;Casa de la Sabiduria San David;11;11001;1837;Calle 86 A Sur # 7 - 79 Este ;3121234567;email@faltante.com;SIN INFORMACIÓN;312123457;email@faltante.com;;;;;;
